Database,Version,Table,Year,System,Flow,Satellite account,Unit,Region,Sector,Item,Value,Type
EXIOBASE,3.10.2,IOT,2017,ixi,Intensity,GHG,g/kWh,AT,Sector,Production T&D of electricity,24.867699028118444,Monetary
EXIOBASE,3.10.2,IOT,2017,ixi,Intensity,GHG,g/kWh,BE,Sector,Production T&D of electricity,120.05441513263511,Monetary
EXIOBASE,3.10.2,IOT,2017,ixi,Intensity,GHG,g/kWh,BG,Sector,Production T&D of electricity,379.9652058108268,Monetary
EXIOBASE,3.10.2,IOT,2017,ixi,Intensity,GHG,g/kWh,CY,Sector,Production T&D of electricity,441.6223673766836,Monetary
EXIOBASE,3.10.2,IOT,2017,ixi,Intensity,GHG,g/kWh,CZ,Sector,Production T&D of electricity,249.89698287287342,Monetary
EXIOBASE,3.10.2,IOT,2017,ixi,Intensity,GHG,g/kWh,DE,Sector,Production T&D of electricity,171.672964542431,Monetary
EXIOBASE,3.10.2,IOT,2017,ixi,Intensity,GHG,g/kWh,DK,Sector,Production T&D of electricity,11.156234106957086,Monetary
EXIOBASE,3.10.2,IOT,2017,ixi,Intensity,GHG,g/kWh,EE,Sector,Production T&D of electricity,266.0762751428212,Monetary
EXIOBASE,3.10.2,IOT,2017,ixi,Intensity,GHG,g/kWh,ES,Sector,Production T&D of electricity,232.69812639391495,Monetary
EXIOBASE,3.10.2,IOT,2017,ixi,Intensity,GHG,g/kWh,FI,Sector,Production T&D of electricity,60.21326234989164,Monetary
EXIOBASE,3.10.2,IOT,2017,ixi,Intensity,GHG,g/kWh,FR,Sector,Production T&D of electricity,37.806615732441045,Monetary
EXIOBASE,3.10.2,IOT,2017,ixi,Intensity,GHG,g/kWh,HR,Sector,Production T&D of electricity,140.48817531207746,Monetary
EXIOBASE,3.10.2,IOT,2017,ixi,Intensity,GHG,g/kWh,HU,Sector,Production T&D of electricity,126.90957135676048,Monetary
EXIOBASE,3.10.2,IOT,2017,ixi,Intensity,GHG,g/kWh,IE,Sector,Production T&D of electricity,318.41301141581135,Monetary
EXIOBASE,3.10.2,IOT,2017,ixi,Intensity,GHG,g/kWh,IT,Sector,Production T&D of electricity,189.68917706416948,Monetary
EXIOBASE,3.10.2,IOT,2017,ixi,Intensity,GHG,g/kWh,LT,Sector,Production T&D of electricity,14.354437991832684,Monetary
EXIOBASE,3.10.2,IOT,2017,ixi,Intensity,GHG,g/kWh,LU,Sector,Production T&D of electricity,13.349274621163593,Monetary
EXIOBASE,3.10.2,IOT,2017,ixi,Intensity,GHG,g/kWh,LV,Sector,Production T&D of electricity,26.184452696273294,Monetary
EXIOBASE,3.10.2,IOT,2017,ixi,Intensity,GHG,g/kWh,MT,Sector,Production T&D of electricity,83.02537829626445,Monetary
EXIOBASE,3.10.2,IOT,2017,ixi,Intensity,GHG,g/kWh,NL,Sector,Production T&D of electricity,220.72189560687642,Monetary
EXIOBASE,3.10.2,IOT,2017,ixi,Intensity,GHG,g/kWh,PL,Sector,Production T&D of electricity,427.72642639004226,Monetary
EXIOBASE,3.10.2,IOT,2017,ixi,Intensity,GHG,g/kWh,PT,Sector,Production T&D of electricity,168.8775060933321,Monetary
EXIOBASE,3.10.2,IOT,2017,ixi,Intensity,GHG,g/kWh,RO,Sector,Production T&D of electricity,291.7747226617211,Monetary
EXIOBASE,3.10.2,IOT,2017,ixi,Intensity,GHG,g/kWh,SE,Sector,Production T&D of electricity,1.694575768671812,Monetary
EXIOBASE,3.10.2,IOT,2017,ixi,Intensity,GHG,g/kWh,SI,Sector,Production T&D of electricity,188.997308456425,Monetary
EXIOBASE,3.10.2,IOT,2017,ixi,Intensity,GHG,g/kWh,SK,Sector,Production T&D of electricity,86.11933031421077,Monetary
EXIOBASE,3.10.2,IOT,2017,ixi,Intensity,GHG,g/kWh,US,Sector,Production T&D of electricity,457.3222868496462,Monetary
EXIOBASE,3.10.2,IOT,2017,ixi,Footprint,GHG,g/kWh,AT,Sector,Production T&D of electricity,73.60064651093127,Monetary
EXIOBASE,3.10.2,IOT,2017,ixi,Footprint,GHG,g/kWh,BE,Sector,Production T&D of electricity,150.60343057819475,Monetary
EXIOBASE,3.10.2,IOT,2017,ixi,Footprint,GHG,g/kWh,BG,Sector,Production T&D of electricity,418.1678853169543,Monetary
EXIOBASE,3.10.2,IOT,2017,ixi,Footprint,GHG,g/kWh,CY,Sector,Production T&D of electricity,507.01556822427676,Monetary
EXIOBASE,3.10.2,IOT,2017,ixi,Footprint,GHG,g/kWh,CZ,Sector,Production T&D of electricity,304.678135005707,Monetary
EXIOBASE,3.10.2,IOT,2017,ixi,Footprint,GHG,g/kWh,DE,Sector,Production T&D of electricity,206.53895479306038,Monetary
EXIOBASE,3.10.2,IOT,2017,ixi,Footprint,GHG,g/kWh,DK,Sector,Production T&D of electricity,30.117047820088732,Monetary
EXIOBASE,3.10.2,IOT,2017,ixi,Footprint,GHG,g/kWh,EE,Sector,Production T&D of electricity,290.893520216821,Monetary
EXIOBASE,3.10.2,IOT,2017,ixi,Footprint,GHG,g/kWh,ES,Sector,Production T&D of electricity,259.85435263343373,Monetary
EXIOBASE,3.10.2,IOT,2017,ixi,Footprint,GHG,g/kWh,FI,Sector,Production T&D of electricity,70.9130068214398,Monetary
EXIOBASE,3.10.2,IOT,2017,ixi,Footprint,GHG,g/kWh,FR,Sector,Production T&D of electricity,62.77871553385396,Monetary
EXIOBASE,3.10.2,IOT,2017,ixi,Footprint,GHG,g/kWh,HR,Sector,Production T&D of electricity,213.07302692460223,Monetary
EXIOBASE,3.10.2,IOT,2017,ixi,Footprint,GHG,g/kWh,HU,Sector,Production T&D of electricity,152.72608417855272,Monetary
EXIOBASE,3.10.2,IOT,2017,ixi,Footprint,GHG,g/kWh,IE,Sector,Production T&D of electricity,343.13142963751955,Monetary
EXIOBASE,3.10.2,IOT,2017,ixi,Footprint,GHG,g/kWh,IT,Sector,Production T&D of electricity,243.3186918424789,Monetary
EXIOBASE,3.10.2,IOT,2017,ixi,Footprint,GHG,g/kWh,LT,Sector,Production T&D of electricity,44.82507616854314,Monetary
EXIOBASE,3.10.2,IOT,2017,ixi,Footprint,GHG,g/kWh,LU,Sector,Production T&D of electricity,73.89537218454889,Monetary
EXIOBASE,3.10.2,IOT,2017,ixi,Footprint,GHG,g/kWh,LV,Sector,Production T&D of electricity,55.131088832961346,Monetary
EXIOBASE,3.10.2,IOT,2017,ixi,Footprint,GHG,g/kWh,MT,Sector,Production T&D of electricity,190.14678848608756,Monetary
EXIOBASE,3.10.2,IOT,2017,ixi,Footprint,GHG,g/kWh,NL,Sector,Production T&D of electricity,256.590592100254,Monetary
EXIOBASE,3.10.2,IOT,2017,ixi,Footprint,GHG,g/kWh,PL,Sector,Production T&D of electricity,460.65315463881325,Monetary
EXIOBASE,3.10.2,IOT,2017,ixi,Footprint,GHG,g/kWh,PT,Sector,Production T&D of electricity,290.1763749293302,Monetary
EXIOBASE,3.10.2,IOT,2017,ixi,Footprint,GHG,g/kWh,RO,Sector,Production T&D of electricity,360.45032820616694,Monetary
EXIOBASE,3.10.2,IOT,2017,ixi,Footprint,GHG,g/kWh,SE,Sector,Production T&D of electricity,9.457080745711066,Monetary
EXIOBASE,3.10.2,IOT,2017,ixi,Footprint,GHG,g/kWh,SI,Sector,Production T&D of electricity,217.9393708037583,Monetary
EXIOBASE,3.10.2,IOT,2017,ixi,Footprint,GHG,g/kWh,SK,Sector,Production T&D of electricity,167.9947647633772,Monetary
EXIOBASE,3.10.2,IOT,2017,ixi,Footprint,GHG,g/kWh,US,Sector,Production T&D of electricity,464.42393131893846,Monetary
GLORIA,0.6,SUT,2017,,Intensity,GHG,g/kWh,AT,Commodity,"Electric power generation, transmission and distribution",0.0,Monetary
GLORIA,0.6,SUT,2017,,Intensity,GHG,g/kWh,BE,Commodity,"Electric power generation, transmission and distribution",0.0,Monetary
GLORIA,0.6,SUT,2017,,Intensity,GHG,g/kWh,BG,Commodity,"Electric power generation, transmission and distribution",0.0,Monetary
GLORIA,0.6,SUT,2017,,Intensity,GHG,g/kWh,CY,Commodity,"Electric power generation, transmission and distribution",0.0,Monetary
GLORIA,0.6,SUT,2017,,Intensity,GHG,g/kWh,CZ,Commodity,"Electric power generation, transmission and distribution",0.0,Monetary
GLORIA,0.6,SUT,2017,,Intensity,GHG,g/kWh,DE,Commodity,"Electric power generation, transmission and distribution",0.0,Monetary
GLORIA,0.6,SUT,2017,,Intensity,GHG,g/kWh,DK,Commodity,"Electric power generation, transmission and distribution",0.0,Monetary
GLORIA,0.6,SUT,2017,,Intensity,GHG,g/kWh,ES,Commodity,"Electric power generation, transmission and distribution",0.0,Monetary
GLORIA,0.6,SUT,2017,,Intensity,GHG,g/kWh,EE,Commodity,"Electric power generation, transmission and distribution",0.0,Monetary
GLORIA,0.6,SUT,2017,,Intensity,GHG,g/kWh,FI,Commodity,"Electric power generation, transmission and distribution",0.0,Monetary
GLORIA,0.6,SUT,2017,,Intensity,GHG,g/kWh,FR,Commodity,"Electric power generation, transmission and distribution",0.0,Monetary
GLORIA,0.6,SUT,2017,,Intensity,GHG,g/kWh,HR,Commodity,"Electric power generation, transmission and distribution",0.0,Monetary
GLORIA,0.6,SUT,2017,,Intensity,GHG,g/kWh,HU,Commodity,"Electric power generation, transmission and distribution",0.0,Monetary
GLORIA,0.6,SUT,2017,,Intensity,GHG,g/kWh,IE,Commodity,"Electric power generation, transmission and distribution",0.0,Monetary
GLORIA,0.6,SUT,2017,,Intensity,GHG,g/kWh,IT,Commodity,"Electric power generation, transmission and distribution",0.0,Monetary
GLORIA,0.6,SUT,2017,,Intensity,GHG,g/kWh,LT,Commodity,"Electric power generation, transmission and distribution",0.0,Monetary
GLORIA,0.6,SUT,2017,,Intensity,GHG,g/kWh,LU,Commodity,"Electric power generation, transmission and distribution",0.0,Monetary
GLORIA,0.6,SUT,2017,,Intensity,GHG,g/kWh,LV,Commodity,"Electric power generation, transmission and distribution",0.0,Monetary
GLORIA,0.6,SUT,2017,,Intensity,GHG,g/kWh,MT,Commodity,"Electric power generation, transmission and distribution",0.0,Monetary
GLORIA,0.6,SUT,2017,,Intensity,GHG,g/kWh,NL,Commodity,"Electric power generation, transmission and distribution",0.0,Monetary
GLORIA,0.6,SUT,2017,,Intensity,GHG,g/kWh,PL,Commodity,"Electric power generation, transmission and distribution",0.0,Monetary
GLORIA,0.6,SUT,2017,,Intensity,GHG,g/kWh,PT,Commodity,"Electric power generation, transmission and distribution",0.0,Monetary
GLORIA,0.6,SUT,2017,,Intensity,GHG,g/kWh,RO,Commodity,"Electric power generation, transmission and distribution",0.0,Monetary
GLORIA,0.6,SUT,2017,,Intensity,GHG,g/kWh,SK,Commodity,"Electric power generation, transmission and distribution",0.0,Monetary
GLORIA,0.6,SUT,2017,,Intensity,GHG,g/kWh,SI,Commodity,"Electric power generation, transmission and distribution",0.0,Monetary
GLORIA,0.6,SUT,2017,,Intensity,GHG,g/kWh,SE,Commodity,"Electric power generation, transmission and distribution",0.0,Monetary
GLORIA,0.6,SUT,2017,,Intensity,GHG,g/kWh,US,Commodity,"Electric power generation, transmission and distribution",0.0,Monetary
GLORIA,0.6,SUT,2017,,Footprint,GHG,g/kWh,AT,Commodity,"Electric power generation, transmission and distribution",155.19405001806487,Monetary
GLORIA,0.6,SUT,2017,,Footprint,GHG,g/kWh,BE,Commodity,"Electric power generation, transmission and distribution",187.50596589984417,Monetary
GLORIA,0.6,SUT,2017,,Footprint,GHG,g/kWh,BG,Commodity,"Electric power generation, transmission and distribution",731.602530955146,Monetary
GLORIA,0.6,SUT,2017,,Footprint,GHG,g/kWh,CY,Commodity,"Electric power generation, transmission and distribution",554.3883511612087,Monetary
GLORIA,0.6,SUT,2017,,Footprint,GHG,g/kWh,CZ,Commodity,"Electric power generation, transmission and distribution",461.59442015728894,Monetary
GLORIA,0.6,SUT,2017,,Footprint,GHG,g/kWh,DE,Commodity,"Electric power generation, transmission and distribution",270.34313423415,Monetary
GLORIA,0.6,SUT,2017,,Footprint,GHG,g/kWh,DK,Commodity,"Electric power generation, transmission and distribution",154.37124116550333,Monetary
GLORIA,0.6,SUT,2017,,Footprint,GHG,g/kWh,ES,Commodity,"Electric power generation, transmission and distribution",270.7157981176768,Monetary
GLORIA,0.6,SUT,2017,,Footprint,GHG,g/kWh,EE,Commodity,"Electric power generation, transmission and distribution",647.2946796378864,Monetary
GLORIA,0.6,SUT,2017,,Footprint,GHG,g/kWh,FI,Commodity,"Electric power generation, transmission and distribution",157.88361165686646,Monetary
GLORIA,0.6,SUT,2017,,Footprint,GHG,g/kWh,FR,Commodity,"Electric power generation, transmission and distribution",105.60720439614052,Monetary
GLORIA,0.6,SUT,2017,,Footprint,GHG,g/kWh,HR,Commodity,"Electric power generation, transmission and distribution",220.9524101359887,Monetary
GLORIA,0.6,SUT,2017,,Footprint,GHG,g/kWh,HU,Commodity,"Electric power generation, transmission and distribution",234.32720290036363,Monetary
GLORIA,0.6,SUT,2017,,Footprint,GHG,g/kWh,IE,Commodity,"Electric power generation, transmission and distribution",395.58391791440727,Monetary
GLORIA,0.6,SUT,2017,,Footprint,GHG,g/kWh,IT,Commodity,"Electric power generation, transmission and distribution",284.7114374443855,Monetary
GLORIA,0.6,SUT,2017,,Footprint,GHG,g/kWh,LT,Commodity,"Electric power generation, transmission and distribution",93.36432439294659,Monetary
GLORIA,0.6,SUT,2017,,Footprint,GHG,g/kWh,LU,Commodity,"Electric power generation, transmission and distribution",38.695392248637695,Monetary
GLORIA,0.6,SUT,2017,,Footprint,GHG,g/kWh,LV,Commodity,"Electric power generation, transmission and distribution",147.12862035653308,Monetary
GLORIA,0.6,SUT,2017,,Footprint,GHG,g/kWh,MT,Commodity,"Electric power generation, transmission and distribution",246.171081626044,Monetary
GLORIA,0.6,SUT,2017,,Footprint,GHG,g/kWh,NL,Commodity,"Electric power generation, transmission and distribution",305.623133819464,Monetary
GLORIA,0.6,SUT,2017,,Footprint,GHG,g/kWh,PL,Commodity,"Electric power generation, transmission and distribution",629.1947580836232,Monetary
GLORIA,0.6,SUT,2017,,Footprint,GHG,g/kWh,PT,Commodity,"Electric power generation, transmission and distribution",282.51837765172115,Monetary
GLORIA,0.6,SUT,2017,,Footprint,GHG,g/kWh,RO,Commodity,"Electric power generation, transmission and distribution",311.92810667237774,Monetary
GLORIA,0.6,SUT,2017,,Footprint,GHG,g/kWh,SK,Commodity,"Electric power generation, transmission and distribution",238.94930687151657,Monetary
GLORIA,0.6,SUT,2017,,Footprint,GHG,g/kWh,SI,Commodity,"Electric power generation, transmission and distribution",211.22000100726407,Monetary
GLORIA,0.6,SUT,2017,,Footprint,GHG,g/kWh,SE,Commodity,"Electric power generation, transmission and distribution",48.326662115697516,Monetary
GLORIA,0.6,SUT,2017,,Footprint,GHG,g/kWh,US,Commodity,"Electric power generation, transmission and distribution",412.9900080426205,Monetary
GLORIA,0.6,SUT,2017,,Intensity,GHG,g/kWh,AT,Activity,"Electric power generation, transmission and distribution",54.62509366359033,Monetary
GLORIA,0.6,SUT,2017,,Intensity,GHG,g/kWh,BE,Activity,"Electric power generation, transmission and distribution",140.96059887063743,Monetary
GLORIA,0.6,SUT,2017,,Intensity,GHG,g/kWh,BG,Activity,"Electric power generation, transmission and distribution",597.0284772027975,Monetary
GLORIA,0.6,SUT,2017,,Intensity,GHG,g/kWh,CY,Activity,"Electric power generation, transmission and distribution",497.2053350783368,Monetary
GLORIA,0.6,SUT,2017,,Intensity,GHG,g/kWh,CZ,Activity,"Electric power generation, transmission and distribution",333.1559307064154,Monetary
GLORIA,0.6,SUT,2017,,Intensity,GHG,g/kWh,DE,Activity,"Electric power generation, transmission and distribution",217.13344495049378,Monetary
GLORIA,0.6,SUT,2017,,Intensity,GHG,g/kWh,DK,Activity,"Electric power generation, transmission and distribution",127.20238494853115,Monetary
GLORIA,0.6,SUT,2017,,Intensity,GHG,g/kWh,ES,Activity,"Electric power generation, transmission and distribution",174.39880956082976,Monetary
GLORIA,0.6,SUT,2017,,Intensity,GHG,g/kWh,EE,Activity,"Electric power generation, transmission and distribution",450.15771159798726,Monetary
GLORIA,0.6,SUT,2017,,Intensity,GHG,g/kWh,FI,Activity,"Electric power generation, transmission and distribution",128.6482504582176,Monetary
GLORIA,0.6,SUT,2017,,Intensity,GHG,g/kWh,FR,Activity,"Electric power generation, transmission and distribution",40.57128460370302,Monetary
GLORIA,0.6,SUT,2017,,Intensity,GHG,g/kWh,HR,Activity,"Electric power generation, transmission and distribution",142.16794745445014,Monetary
GLORIA,0.6,SUT,2017,,Intensity,GHG,g/kWh,HU,Activity,"Electric power generation, transmission and distribution",197.1811140661896,Monetary
GLORIA,0.6,SUT,2017,,Intensity,GHG,g/kWh,IE,Activity,"Electric power generation, transmission and distribution",310.203432416415,Monetary
GLORIA,0.6,SUT,2017,,Intensity,GHG,g/kWh,IT,Activity,"Electric power generation, transmission and distribution",151.11753579494305,Monetary
GLORIA,0.6,SUT,2017,,Intensity,GHG,g/kWh,LT,Activity,"Electric power generation, transmission and distribution",57.624139014939956,Monetary
GLORIA,0.6,SUT,2017,,Intensity,GHG,g/kWh,LU,Activity,"Electric power generation, transmission and distribution",14.090496538246246,Monetary
GLORIA,0.6,SUT,2017,,Intensity,GHG,g/kWh,LV,Activity,"Electric power generation, transmission and distribution",62.3172234486624,Monetary
GLORIA,0.6,SUT,2017,,Intensity,GHG,g/kWh,MT,Activity,"Electric power generation, transmission and distribution",82.19568103886468,Monetary
GLORIA,0.6,SUT,2017,,Intensity,GHG,g/kWh,NL,Activity,"Electric power generation, transmission and distribution",239.17777564128133,Monetary
GLORIA,0.6,SUT,2017,,Intensity,GHG,g/kWh,PL,Activity,"Electric power generation, transmission and distribution",551.5664462310705,Monetary
GLORIA,0.6,SUT,2017,,Intensity,GHG,g/kWh,PT,Activity,"Electric power generation, transmission and distribution",149.69295710549488,Monetary
GLORIA,0.6,SUT,2017,,Intensity,GHG,g/kWh,RO,Activity,"Electric power generation, transmission and distribution",223.1291881502835,Monetary
GLORIA,0.6,SUT,2017,,Intensity,GHG,g/kWh,SK,Activity,"Electric power generation, transmission and distribution",86.18621028340658,Monetary
GLORIA,0.6,SUT,2017,,Intensity,GHG,g/kWh,SI,Activity,"Electric power generation, transmission and distribution",160.8639413928089,Monetary
GLORIA,0.6,SUT,2017,,Intensity,GHG,g/kWh,SE,Activity,"Electric power generation, transmission and distribution",36.37452403770981,Monetary
GLORIA,0.6,SUT,2017,,Intensity,GHG,g/kWh,US,Activity,"Electric power generation, transmission and distribution",380.9677989445581,Monetary
GLORIA,0.6,SUT,2017,,Footprint,GHG,g/kWh,AT,Activity,"Electric power generation, transmission and distribution",155.19209004106312,Monetary
GLORIA,0.6,SUT,2017,,Footprint,GHG,g/kWh,BE,Activity,"Electric power generation, transmission and distribution",187.50864074992776,Monetary
GLORIA,0.6,SUT,2017,,Footprint,GHG,g/kWh,BG,Activity,"Electric power generation, transmission and distribution",731.5938456015823,Monetary
GLORIA,0.6,SUT,2017,,Footprint,GHG,g/kWh,CY,Activity,"Electric power generation, transmission and distribution",554.3837909794006,Monetary
GLORIA,0.6,SUT,2017,,Footprint,GHG,g/kWh,CZ,Activity,"Electric power generation, transmission and distribution",461.5848113062683,Monetary
GLORIA,0.6,SUT,2017,,Footprint,GHG,g/kWh,DE,Activity,"Electric power generation, transmission and distribution",270.35247161449104,Monetary
GLORIA,0.6,SUT,2017,,Footprint,GHG,g/kWh,DK,Activity,"Electric power generation, transmission and distribution",154.37088894430468,Monetary
GLORIA,0.6,SUT,2017,,Footprint,GHG,g/kWh,ES,Activity,"Electric power generation, transmission and distribution",270.7195462563061,Monetary
GLORIA,0.6,SUT,2017,,Footprint,GHG,g/kWh,EE,Activity,"Electric power generation, transmission and distribution",647.2916138703353,Monetary
GLORIA,0.6,SUT,2017,,Footprint,GHG,g/kWh,FI,Activity,"Electric power generation, transmission and distribution",157.88295351773976,Monetary
GLORIA,0.6,SUT,2017,,Footprint,GHG,g/kWh,FR,Activity,"Electric power generation, transmission and distribution",105.60367815218146,Monetary
GLORIA,0.6,SUT,2017,,Footprint,GHG,g/kWh,HR,Activity,"Electric power generation, transmission and distribution",220.9554576162464,Monetary
GLORIA,0.6,SUT,2017,,Footprint,GHG,g/kWh,HU,Activity,"Electric power generation, transmission and distribution",234.3293700936546,Monetary
GLORIA,0.6,SUT,2017,,Footprint,GHG,g/kWh,IE,Activity,"Electric power generation, transmission and distribution",395.5856537246588,Monetary
GLORIA,0.6,SUT,2017,,Footprint,GHG,g/kWh,IT,Activity,"Electric power generation, transmission and distribution",284.7102637570025,Monetary
GLORIA,0.6,SUT,2017,,Footprint,GHG,g/kWh,LT,Activity,"Electric power generation, transmission and distribution",93.36601215723603,Monetary
GLORIA,0.6,SUT,2017,,Footprint,GHG,g/kWh,LU,Activity,"Electric power generation, transmission and distribution",38.695467158067686,Monetary
GLORIA,0.6,SUT,2017,,Footprint,GHG,g/kWh,LV,Activity,"Electric power generation, transmission and distribution",147.12668534785973,Monetary
GLORIA,0.6,SUT,2017,,Footprint,GHG,g/kWh,MT,Activity,"Electric power generation, transmission and distribution",246.1701732572122,Monetary
GLORIA,0.6,SUT,2017,,Footprint,GHG,g/kWh,NL,Activity,"Electric power generation, transmission and distribution",305.6306023561678,Monetary
GLORIA,0.6,SUT,2017,,Footprint,GHG,g/kWh,PL,Activity,"Electric power generation, transmission and distribution",629.1953345875035,Monetary
GLORIA,0.6,SUT,2017,,Footprint,GHG,g/kWh,PT,Activity,"Electric power generation, transmission and distribution",282.50989616278133,Monetary
GLORIA,0.6,SUT,2017,,Footprint,GHG,g/kWh,RO,Activity,"Electric power generation, transmission and distribution",311.9362181817036,Monetary
GLORIA,0.6,SUT,2017,,Footprint,GHG,g/kWh,SK,Activity,"Electric power generation, transmission and distribution",238.9503519502534,Monetary
GLORIA,0.6,SUT,2017,,Footprint,GHG,g/kWh,SI,Activity,"Electric power generation, transmission and distribution",211.21727840576696,Monetary
GLORIA,0.6,SUT,2017,,Footprint,GHG,g/kWh,SE,Activity,"Electric power generation, transmission and distribution",48.32547943171205,Monetary
GLORIA,0.6,SUT,2017,,Footprint,GHG,g/kWh,US,Activity,"Electric power generation, transmission and distribution",412.9973490195387,Monetary
EXIOBASE,3.10.2,IOT,2017,pxp,Intensity,GHG,g/kWh,AT,Sector,Electricity & transmission,18.74757244158826,Monetary
EXIOBASE,3.10.2,IOT,2017,pxp,Intensity,GHG,g/kWh,BE,Sector,Electricity & transmission,103.12520126504494,Monetary
EXIOBASE,3.10.2,IOT,2017,pxp,Intensity,GHG,g/kWh,BG,Sector,Electricity & transmission,407.88237701680015,Monetary
EXIOBASE,3.10.2,IOT,2017,pxp,Intensity,GHG,g/kWh,CY,Sector,Electricity & transmission,442.8285894779,Monetary
EXIOBASE,3.10.2,IOT,2017,pxp,Intensity,GHG,g/kWh,CZ,Sector,Electricity & transmission,253.69957788881408,Monetary
EXIOBASE,3.10.2,IOT,2017,pxp,Intensity,GHG,g/kWh,DE,Sector,Electricity & transmission,151.61480339963995,Monetary
EXIOBASE,3.10.2,IOT,2017,pxp,Intensity,GHG,g/kWh,DK,Sector,Electricity & transmission,6.813210682103301,Monetary
EXIOBASE,3.10.2,IOT,2017,pxp,Intensity,GHG,g/kWh,EE,Sector,Electricity & transmission,238.3839145365367,Monetary
EXIOBASE,3.10.2,IOT,2017,pxp,Intensity,GHG,g/kWh,ES,Sector,Electricity & transmission,189.77544864411232,Monetary
EXIOBASE,3.10.2,IOT,2017,pxp,Intensity,GHG,g/kWh,FI,Sector,Electricity & transmission,51.81637628766837,Monetary
EXIOBASE,3.10.2,IOT,2017,pxp,Intensity,GHG,g/kWh,FR,Sector,Electricity & transmission,37.794933114997896,Monetary
EXIOBASE,3.10.2,IOT,2017,pxp,Intensity,GHG,g/kWh,HR,Sector,Electricity & transmission,113.71921152364638,Monetary
EXIOBASE,3.10.2,IOT,2017,pxp,Intensity,GHG,g/kWh,HU,Sector,Electricity & transmission,132.03534801973777,Monetary
EXIOBASE,3.10.2,IOT,2017,pxp,Intensity,GHG,g/kWh,IE,Sector,Electricity & transmission,304.7048766265003,Monetary
EXIOBASE,3.10.2,IOT,2017,pxp,Intensity,GHG,g/kWh,IT,Sector,Electricity & transmission,175.58854835747204,Monetary
EXIOBASE,3.10.2,IOT,2017,pxp,Intensity,GHG,g/kWh,LT,Sector,Electricity & transmission,8.134388036577842,Monetary
EXIOBASE,3.10.2,IOT,2017,pxp,Intensity,GHG,g/kWh,LU,Sector,Electricity & transmission,1.5096811821445966,Monetary
EXIOBASE,3.10.2,IOT,2017,pxp,Intensity,GHG,g/kWh,LV,Sector,Electricity & transmission,13.095885256927719,Monetary
EXIOBASE,3.10.2,IOT,2017,pxp,Intensity,GHG,g/kWh,MT,Sector,Electricity & transmission,52.229001651191226,Monetary
EXIOBASE,3.10.2,IOT,2017,pxp,Intensity,GHG,g/kWh,NL,Sector,Electricity & transmission,196.3195813534312,Monetary
EXIOBASE,3.10.2,IOT,2017,pxp,Intensity,GHG,g/kWh,PL,Sector,Electricity & transmission,372.21185914443504,Monetary
EXIOBASE,3.10.2,IOT,2017,pxp,Intensity,GHG,g/kWh,PT,Sector,Electricity & transmission,139.95623646188645,Monetary
EXIOBASE,3.10.2,IOT,2017,pxp,Intensity,GHG,g/kWh,RO,Sector,Electricity & transmission,291.7608809947557,Monetary
EXIOBASE,3.10.2,IOT,2017,pxp,Intensity,GHG,g/kWh,SE,Sector,Electricity & transmission,0.9222051781770924,Monetary
EXIOBASE,3.10.2,IOT,2017,pxp,Intensity,GHG,g/kWh,SI,Sector,Electricity & transmission,128.49742188497123,Monetary
EXIOBASE,3.10.2,IOT,2017,pxp,Intensity,GHG,g/kWh,SK,Sector,Electricity & transmission,40.14374525445286,Monetary
EXIOBASE,3.10.2,IOT,2017,pxp,Intensity,GHG,g/kWh,US,Sector,Electricity & transmission,426.89084162165136,Monetary
EXIOBASE,3.10.2,IOT,2017,pxp,Footprint,GHG,g/kWh,AT,Sector,Electricity & transmission,64.26481545102008,Monetary
EXIOBASE,3.10.2,IOT,2017,pxp,Footprint,GHG,g/kWh,BE,Sector,Electricity & transmission,133.05855363851234,Monetary
EXIOBASE,3.10.2,IOT,2017,pxp,Footprint,GHG,g/kWh,BG,Sector,Electricity & transmission,443.01656095219386,Monetary
EXIOBASE,3.10.2,IOT,2017,pxp,Footprint,GHG,g/kWh,CY,Sector,Electricity & transmission,508.7603751062358,Monetary
EXIOBASE,3.10.2,IOT,2017,pxp,Footprint,GHG,g/kWh,CZ,Sector,Electricity & transmission,307.79978495364895,Monetary
EXIOBASE,3.10.2,IOT,2017,pxp,Footprint,GHG,g/kWh,DE,Sector,Electricity & transmission,186.771182518975,Monetary
EXIOBASE,3.10.2,IOT,2017,pxp,Footprint,GHG,g/kWh,DK,Sector,Electricity & transmission,17.175492012231057,Monetary
EXIOBASE,3.10.2,IOT,2017,pxp,Footprint,GHG,g/kWh,EE,Sector,Electricity & transmission,260.72108790722444,Monetary
EXIOBASE,3.10.2,IOT,2017,pxp,Footprint,GHG,g/kWh,ES,Sector,Electricity & transmission,214.6634138204959,Monetary
EXIOBASE,3.10.2,IOT,2017,pxp,Footprint,GHG,g/kWh,FI,Sector,Electricity & transmission,62.88925565877407,Monetary
EXIOBASE,3.10.2,IOT,2017,pxp,Footprint,GHG,g/kWh,FR,Sector,Electricity & transmission,63.00612644281281,Monetary
EXIOBASE,3.10.2,IOT,2017,pxp,Footprint,GHG,g/kWh,HR,Sector,Electricity & transmission,180.12740063370026,Monetary
EXIOBASE,3.10.2,IOT,2017,pxp,Footprint,GHG,g/kWh,HU,Sector,Electricity & transmission,158.7562662080567,Monetary
EXIOBASE,3.10.2,IOT,2017,pxp,Footprint,GHG,g/kWh,IE,Sector,Electricity & transmission,328.64057564561995,Monetary
EXIOBASE,3.10.2,IOT,2017,pxp,Footprint,GHG,g/kWh,IT,Sector,Electricity & transmission,226.83017901127042,Monetary
EXIOBASE,3.10.2,IOT,2017,pxp,Footprint,GHG,g/kWh,LT,Sector,Electricity & transmission,36.821014853231375,Monetary
EXIOBASE,3.10.2,IOT,2017,pxp,Footprint,GHG,g/kWh,LU,Sector,Electricity & transmission,43.14048823154785,Monetary
EXIOBASE,3.10.2,IOT,2017,pxp,Footprint,GHG,g/kWh,LV,Sector,Electricity & transmission,35.355351253175726,Monetary
EXIOBASE,3.10.2,IOT,2017,pxp,Footprint,GHG,g/kWh,MT,Sector,Electricity & transmission,141.7913130198021,Monetary
EXIOBASE,3.10.2,IOT,2017,pxp,Footprint,GHG,g/kWh,NL,Sector,Electricity & transmission,231.54582197289238,Monetary
EXIOBASE,3.10.2,IOT,2017,pxp,Footprint,GHG,g/kWh,PL,Sector,Electricity & transmission,404.1506126989741,Monetary
EXIOBASE,3.10.2,IOT,2017,pxp,Footprint,GHG,g/kWh,PT,Sector,Electricity & transmission,250.61118636706487,Monetary
EXIOBASE,3.10.2,IOT,2017,pxp,Footprint,GHG,g/kWh,RO,Sector,Electricity & transmission,360.53915231144003,Monetary
EXIOBASE,3.10.2,IOT,2017,pxp,Footprint,GHG,g/kWh,SE,Sector,Electricity & transmission,8.700197146079224,Monetary
EXIOBASE,3.10.2,IOT,2017,pxp,Footprint,GHG,g/kWh,SI,Sector,Electricity & transmission,152.76570803644384,Monetary
EXIOBASE,3.10.2,IOT,2017,pxp,Footprint,GHG,g/kWh,SK,Sector,Electricity & transmission,107.64993307419678,Monetary
EXIOBASE,3.10.2,IOT,2017,pxp,Footprint,GHG,g/kWh,US,Sector,Electricity & transmission,434.2059259525756,Monetary
EMERGING,2.2,IOT,2023,,Intensity,GHG,g/kWh,AT,Sector,electricity,214.03694013586457,Monetary
EMERGING,2.2,IOT,2023,,Intensity,GHG,g/kWh,BE,Sector,electricity,185.7209951896955,Monetary
EMERGING,2.2,IOT,2023,,Intensity,GHG,g/kWh,BG,Sector,electricity,185.44045348321893,Monetary
EMERGING,2.2,IOT,2023,,Intensity,GHG,g/kWh,CY,Sector,electricity,316.4839371919835,Monetary
EMERGING,2.2,IOT,2023,,Intensity,GHG,g/kWh,CZ,Sector,electricity,911.6579676718183,Monetary
EMERGING,2.2,IOT,2023,,Intensity,GHG,g/kWh,DE,Sector,electricity,176.23111325119268,Monetary
EMERGING,2.2,IOT,2023,,Intensity,GHG,g/kWh,DK,Sector,electricity,147.924351290426,Monetary
EMERGING,2.2,IOT,2023,,Intensity,GHG,g/kWh,ES,Sector,electricity,95.43066630393706,Monetary
EMERGING,2.2,IOT,2023,,Intensity,GHG,g/kWh,EE,Sector,electricity,345.4200578281674,Monetary
EMERGING,2.2,IOT,2023,,Intensity,GHG,g/kWh,FI,Sector,electricity,71.97927380685097,Monetary
EMERGING,2.2,IOT,2023,,Intensity,GHG,g/kWh,FR,Sector,electricity,61.05681833463859,Monetary
EMERGING,2.2,IOT,2023,,Intensity,GHG,g/kWh,HR,Sector,electricity,200.07404243223374,Monetary
EMERGING,2.2,IOT,2023,,Intensity,GHG,g/kWh,HU,Sector,electricity,342.7161163330195,Monetary
EMERGING,2.2,IOT,2023,,Intensity,GHG,g/kWh,IE,Sector,electricity,303.6063515551556,Monetary
EMERGING,2.2,IOT,2023,,Intensity,GHG,g/kWh,IT,Sector,electricity,170.48017727449025,Monetary
EMERGING,2.2,IOT,2023,,Intensity,GHG,g/kWh,LT,Sector,electricity,75.06512972242722,Monetary
EMERGING,2.2,IOT,2023,,Intensity,GHG,g/kWh,LU,Sector,electricity,198.09767098037915,Monetary
EMERGING,2.2,IOT,2023,,Intensity,GHG,g/kWh,LV,Sector,electricity,352.6260296771905,Monetary
EMERGING,2.2,IOT,2023,,Intensity,GHG,g/kWh,MT,Sector,electricity,315.62876589560227,Monetary
EMERGING,2.2,IOT,2023,,Intensity,GHG,g/kWh,NL,Sector,electricity,163.35687221618628,Monetary
EMERGING,2.2,IOT,2023,,Intensity,GHG,g/kWh,PL,Sector,electricity,761.9917987599395,Monetary
EMERGING,2.2,IOT,2023,,Intensity,GHG,g/kWh,PT,Sector,electricity,128.62206503487394,Monetary
EMERGING,2.2,IOT,2023,,Intensity,GHG,g/kWh,RO,Sector,electricity,902.301593250669,Monetary
EMERGING,2.2,IOT,2023,,Intensity,GHG,g/kWh,SK,Sector,electricity,329.17295256344545,Monetary
EMERGING,2.2,IOT,2023,,Intensity,GHG,g/kWh,SI,Sector,electricity,386.4518112607002,Monetary
EMERGING,2.2,IOT,2023,,Intensity,GHG,g/kWh,SE,Sector,electricity,13.720085012407855,Monetary
EMERGING,2.2,IOT,2023,,Intensity,GHG,g/kWh,US,Sector,electricity,581.8912694811049,Monetary
EMERGING,2.2,IOT,2023,,Footprint,GHG,g/kWh,AT,Sector,electricity,448.1294886667509,Monetary
EMERGING,2.2,IOT,2023,,Footprint,GHG,g/kWh,BE,Sector,electricity,246.9355540015154,Monetary
EMERGING,2.2,IOT,2023,,Footprint,GHG,g/kWh,BG,Sector,electricity,285.67041010491886,Monetary
EMERGING,2.2,IOT,2023,,Footprint,GHG,g/kWh,CY,Sector,electricity,316.48410133484185,Monetary
EMERGING,2.2,IOT,2023,,Footprint,GHG,g/kWh,CZ,Sector,electricity,1122.9467217232916,Monetary
EMERGING,2.2,IOT,2023,,Footprint,GHG,g/kWh,DE,Sector,electricity,250.93329055862472,Monetary
EMERGING,2.2,IOT,2023,,Footprint,GHG,g/kWh,DK,Sector,electricity,202.01532667424925,Monetary
EMERGING,2.2,IOT,2023,,Footprint,GHG,g/kWh,ES,Sector,electricity,162.0285585224507,Monetary
EMERGING,2.2,IOT,2023,,Footprint,GHG,g/kWh,EE,Sector,electricity,425.77286193097393,Monetary
EMERGING,2.2,IOT,2023,,Footprint,GHG,g/kWh,FI,Sector,electricity,96.24784365533633,Monetary
EMERGING,2.2,IOT,2023,,Footprint,GHG,g/kWh,FR,Sector,electricity,138.86769620498242,Monetary
EMERGING,2.2,IOT,2023,,Footprint,GHG,g/kWh,HR,Sector,electricity,263.3330711838564,Monetary
EMERGING,2.2,IOT,2023,,Footprint,GHG,g/kWh,HU,Sector,electricity,413.5228752958503,Monetary
EMERGING,2.2,IOT,2023,,Footprint,GHG,g/kWh,IE,Sector,electricity,423.8287626668815,Monetary
EMERGING,2.2,IOT,2023,,Footprint,GHG,g/kWh,IT,Sector,electricity,330.6623594672714,Monetary
EMERGING,2.2,IOT,2023,,Footprint,GHG,g/kWh,LT,Sector,electricity,134.60736132521754,Monetary
EMERGING,2.2,IOT,2023,,Footprint,GHG,g/kWh,LU,Sector,electricity,405.71621537847045,Monetary
EMERGING,2.2,IOT,2023,,Footprint,GHG,g/kWh,LV,Sector,electricity,514.1849867056255,Monetary
EMERGING,2.2,IOT,2023,,Footprint,GHG,g/kWh,MT,Sector,electricity,478.71220794646166,Monetary
EMERGING,2.2,IOT,2023,,Footprint,GHG,g/kWh,NL,Sector,electricity,275.9005128858127,Monetary
EMERGING,2.2,IOT,2023,,Footprint,GHG,g/kWh,PL,Sector,electricity,837.0131778375072,Monetary
EMERGING,2.2,IOT,2023,,Footprint,GHG,g/kWh,PT,Sector,electricity,228.5547105869029,Monetary
EMERGING,2.2,IOT,2023,,Footprint,GHG,g/kWh,RO,Sector,electricity,1083.780029253703,Monetary
EMERGING,2.2,IOT,2023,,Footprint,GHG,g/kWh,SK,Sector,electricity,511.7343085361392,Monetary
EMERGING,2.2,IOT,2023,,Footprint,GHG,g/kWh,SI,Sector,electricity,522.049101758678,Monetary
EMERGING,2.2,IOT,2023,,Footprint,GHG,g/kWh,SE,Sector,electricity,23.164056159740895,Monetary
EMERGING,2.2,IOT,2023,,Footprint,GHG,g/kWh,US,Sector,electricity,643.6701153948549,Monetary
GLORIA,0.6,SUT,2023,,Intensity,GHG,g/kWh,AT,Commodity,"Electric power generation, transmission and distribution",0.0,Monetary
GLORIA,0.6,SUT,2023,,Intensity,GHG,g/kWh,BE,Commodity,"Electric power generation, transmission and distribution",0.0,Monetary
GLORIA,0.6,SUT,2023,,Intensity,GHG,g/kWh,BG,Commodity,"Electric power generation, transmission and distribution",0.0,Monetary
GLORIA,0.6,SUT,2023,,Intensity,GHG,g/kWh,CY,Commodity,"Electric power generation, transmission and distribution",0.0,Monetary
GLORIA,0.6,SUT,2023,,Intensity,GHG,g/kWh,CZ,Commodity,"Electric power generation, transmission and distribution",0.0,Monetary
GLORIA,0.6,SUT,2023,,Intensity,GHG,g/kWh,DE,Commodity,"Electric power generation, transmission and distribution",0.0,Monetary
GLORIA,0.6,SUT,2023,,Intensity,GHG,g/kWh,DK,Commodity,"Electric power generation, transmission and distribution",0.0,Monetary
GLORIA,0.6,SUT,2023,,Intensity,GHG,g/kWh,ES,Commodity,"Electric power generation, transmission and distribution",0.0,Monetary
GLORIA,0.6,SUT,2023,,Intensity,GHG,g/kWh,EE,Commodity,"Electric power generation, transmission and distribution",0.0,Monetary
GLORIA,0.6,SUT,2023,,Intensity,GHG,g/kWh,FI,Commodity,"Electric power generation, transmission and distribution",0.0,Monetary
GLORIA,0.6,SUT,2023,,Intensity,GHG,g/kWh,FR,Commodity,"Electric power generation, transmission and distribution",0.0,Monetary
GLORIA,0.6,SUT,2023,,Intensity,GHG,g/kWh,HR,Commodity,"Electric power generation, transmission and distribution",0.0,Monetary
GLORIA,0.6,SUT,2023,,Intensity,GHG,g/kWh,HU,Commodity,"Electric power generation, transmission and distribution",0.0,Monetary
GLORIA,0.6,SUT,2023,,Intensity,GHG,g/kWh,IE,Commodity,"Electric power generation, transmission and distribution",0.0,Monetary
GLORIA,0.6,SUT,2023,,Intensity,GHG,g/kWh,IT,Commodity,"Electric power generation, transmission and distribution",0.0,Monetary
GLORIA,0.6,SUT,2023,,Intensity,GHG,g/kWh,LT,Commodity,"Electric power generation, transmission and distribution",0.0,Monetary
GLORIA,0.6,SUT,2023,,Intensity,GHG,g/kWh,LU,Commodity,"Electric power generation, transmission and distribution",0.0,Monetary
GLORIA,0.6,SUT,2023,,Intensity,GHG,g/kWh,LV,Commodity,"Electric power generation, transmission and distribution",0.0,Monetary
GLORIA,0.6,SUT,2023,,Intensity,GHG,g/kWh,MT,Commodity,"Electric power generation, transmission and distribution",0.0,Monetary
GLORIA,0.6,SUT,2023,,Intensity,GHG,g/kWh,NL,Commodity,"Electric power generation, transmission and distribution",0.0,Monetary
GLORIA,0.6,SUT,2023,,Intensity,GHG,g/kWh,PL,Commodity,"Electric power generation, transmission and distribution",0.0,Monetary
GLORIA,0.6,SUT,2023,,Intensity,GHG,g/kWh,PT,Commodity,"Electric power generation, transmission and distribution",0.0,Monetary
GLORIA,0.6,SUT,2023,,Intensity,GHG,g/kWh,RO,Commodity,"Electric power generation, transmission and distribution",0.0,Monetary
GLORIA,0.6,SUT,2023,,Intensity,GHG,g/kWh,SK,Commodity,"Electric power generation, transmission and distribution",0.0,Monetary
GLORIA,0.6,SUT,2023,,Intensity,GHG,g/kWh,SI,Commodity,"Electric power generation, transmission and distribution",0.0,Monetary
GLORIA,0.6,SUT,2023,,Intensity,GHG,g/kWh,SE,Commodity,"Electric power generation, transmission and distribution",0.0,Monetary
GLORIA,0.6,SUT,2023,,Intensity,GHG,g/kWh,US,Commodity,"Electric power generation, transmission and distribution",0.0,Monetary
GLORIA,0.6,SUT,2023,,Footprint,GHG,g/kWh,AT,Commodity,"Electric power generation, transmission and distribution",292.8281075113676,Monetary
GLORIA,0.6,SUT,2023,,Footprint,GHG,g/kWh,BE,Commodity,"Electric power generation, transmission and distribution",191.24348956629328,Monetary
GLORIA,0.6,SUT,2023,,Footprint,GHG,g/kWh,BG,Commodity,"Electric power generation, transmission and distribution",472.233718150969,Monetary
GLORIA,0.6,SUT,2023,,Footprint,GHG,g/kWh,CY,Commodity,"Electric power generation, transmission and distribution",1341.3337729156167,Monetary
GLORIA,0.6,SUT,2023,,Footprint,GHG,g/kWh,CZ,Commodity,"Electric power generation, transmission and distribution",597.60687126203,Monetary
GLORIA,0.6,SUT,2023,,Footprint,GHG,g/kWh,DE,Commodity,"Electric power generation, transmission and distribution",224.00887223549108,Monetary
GLORIA,0.6,SUT,2023,,Footprint,GHG,g/kWh,DK,Commodity,"Electric power generation, transmission and distribution",138.87144351811102,Monetary
GLORIA,0.6,SUT,2023,,Footprint,GHG,g/kWh,ES,Commodity,"Electric power generation, transmission and distribution",242.2465290076779,Monetary
GLORIA,0.6,SUT,2023,,Footprint,GHG,g/kWh,EE,Commodity,"Electric power generation, transmission and distribution",435.4044138926756,Monetary
GLORIA,0.6,SUT,2023,,Footprint,GHG,g/kWh,FI,Commodity,"Electric power generation, transmission and distribution",136.63937820308254,Monetary
GLORIA,0.6,SUT,2023,,Footprint,GHG,g/kWh,FR,Commodity,"Electric power generation, transmission and distribution",89.34387843150014,Monetary
GLORIA,0.6,SUT,2023,,Footprint,GHG,g/kWh,HR,Commodity,"Electric power generation, transmission and distribution",256.516965178302,Monetary
GLORIA,0.6,SUT,2023,,Footprint,GHG,g/kWh,HU,Commodity,"Electric power generation, transmission and distribution",308.24528904343794,Monetary
GLORIA,0.6,SUT,2023,,Footprint,GHG,g/kWh,IE,Commodity,"Electric power generation, transmission and distribution",499.61069200358685,Monetary
GLORIA,0.6,SUT,2023,,Footprint,GHG,g/kWh,IT,Commodity,"Electric power generation, transmission and distribution",382.863709541752,Monetary
GLORIA,0.6,SUT,2023,,Footprint,GHG,g/kWh,LT,Commodity,"Electric power generation, transmission and distribution",99.62018378875847,Monetary
GLORIA,0.6,SUT,2023,,Footprint,GHG,g/kWh,LU,Commodity,"Electric power generation, transmission and distribution",48.973641210676355,Monetary
GLORIA,0.6,SUT,2023,,Footprint,GHG,g/kWh,LV,Commodity,"Electric power generation, transmission and distribution",121.3704949616099,Monetary
GLORIA,0.6,SUT,2023,,Footprint,GHG,g/kWh,MT,Commodity,"Electric power generation, transmission and distribution",328.0282063853417,Monetary
GLORIA,0.6,SUT,2023,,Footprint,GHG,g/kWh,NL,Commodity,"Electric power generation, transmission and distribution",402.258202685817,Monetary
GLORIA,0.6,SUT,2023,,Footprint,GHG,g/kWh,PL,Commodity,"Electric power generation, transmission and distribution",797.0599003026398,Monetary
GLORIA,0.6,SUT,2023,,Footprint,GHG,g/kWh,PT,Commodity,"Electric power generation, transmission and distribution",308.53414276806154,Monetary
GLORIA,0.6,SUT,2023,,Footprint,GHG,g/kWh,RO,Commodity,"Electric power generation, transmission and distribution",125.42747531380772,Monetary
GLORIA,0.6,SUT,2023,,Footprint,GHG,g/kWh,SK,Commodity,"Electric power generation, transmission and distribution",312.5151160537944,Monetary
GLORIA,0.6,SUT,2023,,Footprint,GHG,g/kWh,SI,Commodity,"Electric power generation, transmission and distribution",259.3425863115111,Monetary
GLORIA,0.6,SUT,2023,,Footprint,GHG,g/kWh,SE,Commodity,"Electric power generation, transmission and distribution",37.75014834258814,Monetary
GLORIA,0.6,SUT,2023,,Footprint,GHG,g/kWh,US,Commodity,"Electric power generation, transmission and distribution",649.6860320752273,Monetary
GLORIA,0.6,SUT,2023,,Intensity,GHG,g/kWh,AT,Activity,"Electric power generation, transmission and distribution",127.90523209179625,Monetary
GLORIA,0.6,SUT,2023,,Intensity,GHG,g/kWh,BE,Activity,"Electric power generation, transmission and distribution",146.67779823475183,Monetary
GLORIA,0.6,SUT,2023,,Intensity,GHG,g/kWh,BG,Activity,"Electric power generation, transmission and distribution",371.4117371593708,Monetary
GLORIA,0.6,SUT,2023,,Intensity,GHG,g/kWh,CY,Activity,"Electric power generation, transmission and distribution",1061.7094079738076,Monetary
GLORIA,0.6,SUT,2023,,Intensity,GHG,g/kWh,CZ,Activity,"Electric power generation, transmission and distribution",468.95568415904603,Monetary
GLORIA,0.6,SUT,2023,,Intensity,GHG,g/kWh,DE,Activity,"Electric power generation, transmission and distribution",180.81896743138904,Monetary
GLORIA,0.6,SUT,2023,,Intensity,GHG,g/kWh,DK,Activity,"Electric power generation, transmission and distribution",112.30454740552676,Monetary
GLORIA,0.6,SUT,2023,,Intensity,GHG,g/kWh,ES,Activity,"Electric power generation, transmission and distribution",135.5262799750049,Monetary
GLORIA,0.6,SUT,2023,,Intensity,GHG,g/kWh,EE,Activity,"Electric power generation, transmission and distribution",248.20814711402602,Monetary
GLORIA,0.6,SUT,2023,,Intensity,GHG,g/kWh,FI,Activity,"Electric power generation, transmission and distribution",104.18656052159525,Monetary
GLORIA,0.6,SUT,2023,,Intensity,GHG,g/kWh,FR,Activity,"Electric power generation, transmission and distribution",41.84261242366327,Monetary
GLORIA,0.6,SUT,2023,,Intensity,GHG,g/kWh,HR,Activity,"Electric power generation, transmission and distribution",154.57616688011515,Monetary
GLORIA,0.6,SUT,2023,,Intensity,GHG,g/kWh,HU,Activity,"Electric power generation, transmission and distribution",269.2282143928087,Monetary
GLORIA,0.6,SUT,2023,,Intensity,GHG,g/kWh,IE,Activity,"Electric power generation, transmission and distribution",409.4038959801179,Monetary
GLORIA,0.6,SUT,2023,,Intensity,GHG,g/kWh,IT,Activity,"Electric power generation, transmission and distribution",177.5901147129237,Monetary
GLORIA,0.6,SUT,2023,,Intensity,GHG,g/kWh,LT,Activity,"Electric power generation, transmission and distribution",68.43926482787805,Monetary
GLORIA,0.6,SUT,2023,,Intensity,GHG,g/kWh,LU,Activity,"Electric power generation, transmission and distribution",25.2874458696385,Monetary
GLORIA,0.6,SUT,2023,,Intensity,GHG,g/kWh,LV,Activity,"Electric power generation, transmission and distribution",30.384644288548465,Monetary
GLORIA,0.6,SUT,2023,,Intensity,GHG,g/kWh,MT,Activity,"Electric power generation, transmission and distribution",114.35465074573551,Monetary
GLORIA,0.6,SUT,2023,,Intensity,GHG,g/kWh,NL,Activity,"Electric power generation, transmission and distribution",323.49341226038206,Monetary
GLORIA,0.6,SUT,2023,,Intensity,GHG,g/kWh,PL,Activity,"Electric power generation, transmission and distribution",735.6902255919524,Monetary
GLORIA,0.6,SUT,2023,,Intensity,GHG,g/kWh,PT,Activity,"Electric power generation, transmission and distribution",124.76356048475874,Monetary
GLORIA,0.6,SUT,2023,,Intensity,GHG,g/kWh,RO,Activity,"Electric power generation, transmission and distribution",89.50113411781479,Monetary
GLORIA,0.6,SUT,2023,,Intensity,GHG,g/kWh,SK,Activity,"Electric power generation, transmission and distribution",123.44486906684728,Monetary
GLORIA,0.6,SUT,2023,,Intensity,GHG,g/kWh,SI,Activity,"Electric power generation, transmission and distribution",173.12344717480607,Monetary
GLORIA,0.6,SUT,2023,,Intensity,GHG,g/kWh,SE,Activity,"Electric power generation, transmission and distribution",28.269679657939637,Monetary
GLORIA,0.6,SUT,2023,,Intensity,GHG,g/kWh,US,Activity,"Electric power generation, transmission and distribution",604.7601633609477,Monetary
GLORIA,0.6,SUT,2023,,Footprint,GHG,g/kWh,AT,Activity,"Electric power generation, transmission and distribution",292.8221629549694,Monetary
GLORIA,0.6,SUT,2023,,Footprint,GHG,g/kWh,BE,Activity,"Electric power generation, transmission and distribution",191.2455374873299,Monetary
GLORIA,0.6,SUT,2023,,Footprint,GHG,g/kWh,BG,Activity,"Electric power generation, transmission and distribution",472.23498047333624,Monetary
GLORIA,0.6,SUT,2023,,Footprint,GHG,g/kWh,CY,Activity,"Electric power generation, transmission and distribution",1341.3276480572101,Monetary
GLORIA,0.6,SUT,2023,,Footprint,GHG,g/kWh,CZ,Activity,"Electric power generation, transmission and distribution",597.6123848067498,Monetary
GLORIA,0.6,SUT,2023,,Footprint,GHG,g/kWh,DE,Activity,"Electric power generation, transmission and distribution",224.00449702591888,Monetary
GLORIA,0.6,SUT,2023,,Footprint,GHG,g/kWh,DK,Activity,"Electric power generation, transmission and distribution",138.87254592712003,Monetary
GLORIA,0.6,SUT,2023,,Footprint,GHG,g/kWh,ES,Activity,"Electric power generation, transmission and distribution",242.24687937570002,Monetary
GLORIA,0.6,SUT,2023,,Footprint,GHG,g/kWh,EE,Activity,"Electric power generation, transmission and distribution",435.41168128842537,Monetary
GLORIA,0.6,SUT,2023,,Footprint,GHG,g/kWh,FI,Activity,"Electric power generation, transmission and distribution",136.64257016574504,Monetary
GLORIA,0.6,SUT,2023,,Footprint,GHG,g/kWh,FR,Activity,"Electric power generation, transmission and distribution",89.34293002427546,Monetary
GLORIA,0.6,SUT,2023,,Footprint,GHG,g/kWh,HR,Activity,"Electric power generation, transmission and distribution",256.5172369203133,Monetary
GLORIA,0.6,SUT,2023,,Footprint,GHG,g/kWh,HU,Activity,"Electric power generation, transmission and distribution",308.24632094550776,Monetary
GLORIA,0.6,SUT,2023,,Footprint,GHG,g/kWh,IE,Activity,"Electric power generation, transmission and distribution",499.60937506055075,Monetary
GLORIA,0.6,SUT,2023,,Footprint,GHG,g/kWh,IT,Activity,"Electric power generation, transmission and distribution",382.86255033519376,Monetary
GLORIA,0.6,SUT,2023,,Footprint,GHG,g/kWh,LT,Activity,"Electric power generation, transmission and distribution",99.62114463158571,Monetary
GLORIA,0.6,SUT,2023,,Footprint,GHG,g/kWh,LU,Activity,"Electric power generation, transmission and distribution",48.97396700923069,Monetary
GLORIA,0.6,SUT,2023,,Footprint,GHG,g/kWh,LV,Activity,"Electric power generation, transmission and distribution",121.37129508184384,Monetary
GLORIA,0.6,SUT,2023,,Footprint,GHG,g/kWh,MT,Activity,"Electric power generation, transmission and distribution",328.0332102970809,Monetary
GLORIA,0.6,SUT,2023,,Footprint,GHG,g/kWh,NL,Activity,"Electric power generation, transmission and distribution",402.25872482359614,Monetary
GLORIA,0.6,SUT,2023,,Footprint,GHG,g/kWh,PL,Activity,"Electric power generation, transmission and distribution",797.0628798415238,Monetary
GLORIA,0.6,SUT,2023,,Footprint,GHG,g/kWh,PT,Activity,"Electric power generation, transmission and distribution",308.5437316792945,Monetary
GLORIA,0.6,SUT,2023,,Footprint,GHG,g/kWh,RO,Activity,"Electric power generation, transmission and distribution",125.42758677186907,Monetary
GLORIA,0.6,SUT,2023,,Footprint,GHG,g/kWh,SK,Activity,"Electric power generation, transmission and distribution",312.52807290927774,Monetary
GLORIA,0.6,SUT,2023,,Footprint,GHG,g/kWh,SI,Activity,"Electric power generation, transmission and distribution",259.3466653359244,Monetary
GLORIA,0.6,SUT,2023,,Footprint,GHG,g/kWh,SE,Activity,"Electric power generation, transmission and distribution",37.74949641590565,Monetary
GLORIA,0.6,SUT,2023,,Footprint,GHG,g/kWh,US,Activity,"Electric power generation, transmission and distribution",649.6954617502331,Monetary
EORA26,199.82,IOT,2017,,Intensity,GHG,g/kWh,AT,Sector,"Electricity, Gas and Water",53.332240056685485,Monetary
EORA26,199.82,IOT,2017,,Intensity,GHG,g/kWh,BE,Sector,"Electricity, Gas and Water",178.19711645594936,Monetary
EORA26,199.82,IOT,2017,,Intensity,GHG,g/kWh,BG,Sector,"Electricity, Gas and Water",242.7097696591023,Monetary
EORA26,199.82,IOT,2017,,Intensity,GHG,g/kWh,HR,Sector,"Electricity, Gas and Water",191.53941475387435,Monetary
EORA26,199.82,IOT,2017,,Intensity,GHG,g/kWh,CY,Sector,"Electricity, Gas and Water",508.1055789728165,Monetary
EORA26,199.82,IOT,2017,,Intensity,GHG,g/kWh,CZ,Sector,"Electricity, Gas and Water",184.65571634174196,Monetary
EORA26,199.82,IOT,2017,,Intensity,GHG,g/kWh,DK,Sector,"Electricity, Gas and Water",182.63799949189274,Monetary
EORA26,199.82,IOT,2017,,Intensity,GHG,g/kWh,EE,Sector,"Electricity, Gas and Water",393.0079514201994,Monetary
EORA26,199.82,IOT,2017,,Intensity,GHG,g/kWh,FI,Sector,"Electricity, Gas and Water",212.18371710728997,Monetary
EORA26,199.82,IOT,2017,,Intensity,GHG,g/kWh,FR,Sector,"Electricity, Gas and Water",44.62252183401634,Monetary
EORA26,199.82,IOT,2017,,Intensity,GHG,g/kWh,DE,Sector,"Electricity, Gas and Water",158.0794636198328,Monetary
EORA26,199.82,IOT,2017,,Intensity,GHG,g/kWh,HU,Sector,"Electricity, Gas and Water",127.34758089641046,Monetary
EORA26,199.82,IOT,2017,,Intensity,GHG,g/kWh,IE,Sector,"Electricity, Gas and Water",310.1726874115475,Monetary
EORA26,199.82,IOT,2017,,Intensity,GHG,g/kWh,IT,Sector,"Electricity, Gas and Water",190.03467064189894,Monetary
EORA26,199.82,IOT,2017,,Intensity,GHG,g/kWh,LV,Sector,"Electricity, Gas and Water",126.68271352155975,Monetary
EORA26,199.82,IOT,2017,,Intensity,GHG,g/kWh,LT,Sector,"Electricity, Gas and Water",104.70257270369846,Monetary
EORA26,199.82,IOT,2017,,Intensity,GHG,g/kWh,LU,Sector,"Electricity, Gas and Water",69.8548726187182,Monetary
EORA26,199.82,IOT,2017,,Intensity,GHG,g/kWh,MT,Sector,"Electricity, Gas and Water",483.0236408380481,Monetary
EORA26,199.82,IOT,2017,,Intensity,GHG,g/kWh,NL,Sector,"Electricity, Gas and Water",147.3456627405611,Monetary
EORA26,199.82,IOT,2017,,Intensity,GHG,g/kWh,PL,Sector,"Electricity, Gas and Water",311.820883895345,Monetary
EORA26,199.82,IOT,2017,,Intensity,GHG,g/kWh,PT,Sector,"Electricity, Gas and Water",178.65198069119438,Monetary
EORA26,199.82,IOT,2017,,Intensity,GHG,g/kWh,RO,Sector,"Electricity, Gas and Water",134.7693077053353,Monetary
EORA26,199.82,IOT,2017,,Intensity,GHG,g/kWh,SK,Sector,"Electricity, Gas and Water",52.666387964854636,Monetary
EORA26,199.82,IOT,2017,,Intensity,GHG,g/kWh,SI,Sector,"Electricity, Gas and Water",268.96108389794824,Monetary
EORA26,199.82,IOT,2017,,Intensity,GHG,g/kWh,ES,Sector,"Electricity, Gas and Water",192.7539978739657,Monetary
EORA26,199.82,IOT,2017,,Intensity,GHG,g/kWh,SE,Sector,"Electricity, Gas and Water",42.035130294690056,Monetary
EORA26,199.82,IOT,2017,,Intensity,GHG,g/kWh,US,Sector,"Electricity, Gas and Water",360.0777533633244,Monetary
EORA26,199.82,IOT,2017,,Footprint,GHG,g/kWh,AT,Sector,"Electricity, Gas and Water",115.43916359831627,Monetary
EORA26,199.82,IOT,2017,,Footprint,GHG,g/kWh,BE,Sector,"Electricity, Gas and Water",233.75344137377434,Monetary
EORA26,199.82,IOT,2017,,Footprint,GHG,g/kWh,BG,Sector,"Electricity, Gas and Water",431.936948333233,Monetary
EORA26,199.82,IOT,2017,,Footprint,GHG,g/kWh,HR,Sector,"Electricity, Gas and Water",377.93446249969963,Monetary
EORA26,199.82,IOT,2017,,Footprint,GHG,g/kWh,CY,Sector,"Electricity, Gas and Water",883.4508926780477,Monetary
EORA26,199.82,IOT,2017,,Footprint,GHG,g/kWh,CZ,Sector,"Electricity, Gas and Water",526.4698647344637,Monetary
EORA26,199.82,IOT,2017,,Footprint,GHG,g/kWh,DK,Sector,"Electricity, Gas and Water",242.10711461942492,Monetary
EORA26,199.82,IOT,2017,,Footprint,GHG,g/kWh,EE,Sector,"Electricity, Gas and Water",651.6744802806005,Monetary
EORA26,199.82,IOT,2017,,Footprint,GHG,g/kWh,FI,Sector,"Electricity, Gas and Water",276.22005602743576,Monetary
EORA26,199.82,IOT,2017,,Footprint,GHG,g/kWh,FR,Sector,"Electricity, Gas and Water",87.244583110074,Monetary
EORA26,199.82,IOT,2017,,Footprint,GHG,g/kWh,DE,Sector,"Electricity, Gas and Water",221.9903887586932,Monetary
EORA26,199.82,IOT,2017,,Footprint,GHG,g/kWh,HU,Sector,"Electricity, Gas and Water",267.70226772182804,Monetary
EORA26,199.82,IOT,2017,,Footprint,GHG,g/kWh,IE,Sector,"Electricity, Gas and Water",426.5351661686197,Monetary
EORA26,199.82,IOT,2017,,Footprint,GHG,g/kWh,IT,Sector,"Electricity, Gas and Water",274.9435979399398,Monetary
EORA26,199.82,IOT,2017,,Footprint,GHG,g/kWh,LV,Sector,"Electricity, Gas and Water",279.24363723086407,Monetary
EORA26,199.82,IOT,2017,,Footprint,GHG,g/kWh,LT,Sector,"Electricity, Gas and Water",276.7024072475301,Monetary
EORA26,199.82,IOT,2017,,Footprint,GHG,g/kWh,LU,Sector,"Electricity, Gas and Water",121.20869540997488,Monetary
EORA26,199.82,IOT,2017,,Footprint,GHG,g/kWh,MT,Sector,"Electricity, Gas and Water",657.8471098753799,Monetary
EORA26,199.82,IOT,2017,,Footprint,GHG,g/kWh,NL,Sector,"Electricity, Gas and Water",240.86224120692955,Monetary
EORA26,199.82,IOT,2017,,Footprint,GHG,g/kWh,PL,Sector,"Electricity, Gas and Water",418.34047080533713,Monetary
EORA26,199.82,IOT,2017,,Footprint,GHG,g/kWh,PT,Sector,"Electricity, Gas and Water",271.84307281072694,Monetary
EORA26,199.82,IOT,2017,,Footprint,GHG,g/kWh,RO,Sector,"Electricity, Gas and Water",451.47223392293904,Monetary
EORA26,199.82,IOT,2017,,Footprint,GHG,g/kWh,SK,Sector,"Electricity, Gas and Water",182.76782183694934,Monetary
EORA26,199.82,IOT,2017,,Footprint,GHG,g/kWh,SI,Sector,"Electricity, Gas and Water",466.2389309130971,Monetary
EORA26,199.82,IOT,2017,,Footprint,GHG,g/kWh,ES,Sector,"Electricity, Gas and Water",264.2285182293045,Monetary
EORA26,199.82,IOT,2017,,Footprint,GHG,g/kWh,SE,Sector,"Electricity, Gas and Water",49.53829150082916,Monetary
EORA26,199.82,IOT,2017,,Footprint,GHG,g/kWh,US,Sector,"Electricity, Gas and Water",404.679300586183,Monetary
EMERGING,1.0,IOT,2017,,Intensity,GHG,g/kWh,AT,Sector,electricity,24.2727115600944,Monetary
EMERGING,1.0,IOT,2017,,Intensity,GHG,g/kWh,BE,Sector,electricity,20.420030798139855,Monetary
EMERGING,1.0,IOT,2017,,Intensity,GHG,g/kWh,BG,Sector,electricity,482.6004235132713,Monetary
EMERGING,1.0,IOT,2017,,Intensity,GHG,g/kWh,CY,Sector,electricity,260.5734497732395,Monetary
EMERGING,1.0,IOT,2017,,Intensity,GHG,g/kWh,CZ,Sector,electricity,167.74551235617585,Monetary
EMERGING,1.0,IOT,2017,,Intensity,GHG,g/kWh,DE,Sector,electricity,285.34052988749164,Monetary
EMERGING,1.0,IOT,2017,,Intensity,GHG,g/kWh,DK,Sector,electricity,47.5627596774052,Monetary
EMERGING,1.0,IOT,2017,,Intensity,GHG,g/kWh,ES,Sector,electricity,58.12850732144216,Monetary
EMERGING,1.0,IOT,2017,,Intensity,GHG,g/kWh,EE,Sector,electricity,555.0759514831268,Monetary
EMERGING,1.0,IOT,2017,,Intensity,GHG,g/kWh,FI,Sector,electricity,115.29129398896589,Monetary
EMERGING,1.0,IOT,2017,,Intensity,GHG,g/kWh,FR,Sector,electricity,25.030016308522917,Monetary
EMERGING,1.0,IOT,2017,,Intensity,GHG,g/kWh,HR,Sector,electricity,59.42848273615434,Monetary
EMERGING,1.0,IOT,2017,,Intensity,GHG,g/kWh,HU,Sector,electricity,82.96159571193428,Monetary
EMERGING,1.0,IOT,2017,,Intensity,GHG,g/kWh,IE,Sector,electricity,205.53803892089877,Monetary
EMERGING,1.0,IOT,2017,,Intensity,GHG,g/kWh,IT,Sector,electricity,85.26603749293572,Monetary
EMERGING,1.0,IOT,2017,,Intensity,GHG,g/kWh,LT,Sector,electricity,5.7916042070239,Monetary
EMERGING,1.0,IOT,2017,,Intensity,GHG,g/kWh,LU,Sector,electricity,307.06386970074965,Monetary
EMERGING,1.0,IOT,2017,,Intensity,GHG,g/kWh,LV,Sector,electricity,36.437753388412645,Monetary
EMERGING,1.0,IOT,2017,,Intensity,GHG,g/kWh,MT,Sector,electricity,216.7581438862989,Monetary
EMERGING,1.0,IOT,2017,,Intensity,GHG,g/kWh,NL,Sector,electricity,239.5773536289869,Monetary
EMERGING,1.0,IOT,2017,,Intensity,GHG,g/kWh,PL,Sector,electricity,352.8049246296964,Monetary
EMERGING,1.0,IOT,2017,,Intensity,GHG,g/kWh,PT,Sector,electricity,252.39616632038704,Monetary
EMERGING,1.0,IOT,2017,,Intensity,GHG,g/kWh,RO,Sector,electricity,127.0960030752537,Monetary
EMERGING,1.0,IOT,2017,,Intensity,GHG,g/kWh,SK,Sector,electricity,52.0510304991388,Monetary
EMERGING,1.0,IOT,2017,,Intensity,GHG,g/kWh,SI,Sector,electricity,198.22608342887884,Monetary
EMERGING,1.0,IOT,2017,,Intensity,GHG,g/kWh,SE,Sector,electricity,7.226308043075619,Monetary
EMERGING,1.0,IOT,2017,,Intensity,GHG,g/kWh,US,Sector,electricity,354.85360709316296,Monetary
EMERGING,1.0,IOT,2017,,Footprint,GHG,g/kWh,AT,Sector,electricity,66.40881060370951,Monetary
EMERGING,1.0,IOT,2017,,Footprint,GHG,g/kWh,BE,Sector,electricity,80.19621696913939,Monetary
EMERGING,1.0,IOT,2017,,Footprint,GHG,g/kWh,BG,Sector,electricity,749.4024749323848,Monetary
EMERGING,1.0,IOT,2017,,Footprint,GHG,g/kWh,CY,Sector,electricity,439.9880453596486,Monetary
EMERGING,1.0,IOT,2017,,Footprint,GHG,g/kWh,CZ,Sector,electricity,245.05310369959344,Monetary
EMERGING,1.0,IOT,2017,,Footprint,GHG,g/kWh,DE,Sector,electricity,393.65813257570414,Monetary
EMERGING,1.0,IOT,2017,,Footprint,GHG,g/kWh,DK,Sector,electricity,70.5109620457102,Monetary
EMERGING,1.0,IOT,2017,,Footprint,GHG,g/kWh,ES,Sector,electricity,137.9485500625819,Monetary
EMERGING,1.0,IOT,2017,,Footprint,GHG,g/kWh,EE,Sector,electricity,746.3885841762553,Monetary
EMERGING,1.0,IOT,2017,,Footprint,GHG,g/kWh,FI,Sector,electricity,152.35186906674028,Monetary
EMERGING,1.0,IOT,2017,,Footprint,GHG,g/kWh,FR,Sector,electricity,59.152123219000444,Monetary
EMERGING,1.0,IOT,2017,,Footprint,GHG,g/kWh,HR,Sector,electricity,116.22679708706792,Monetary
EMERGING,1.0,IOT,2017,,Footprint,GHG,g/kWh,HU,Sector,electricity,123.14606345127807,Monetary
EMERGING,1.0,IOT,2017,,Footprint,GHG,g/kWh,IE,Sector,electricity,268.45624280214565,Monetary
EMERGING,1.0,IOT,2017,,Footprint,GHG,g/kWh,IT,Sector,electricity,147.29830323827395,Monetary
EMERGING,1.0,IOT,2017,,Footprint,GHG,g/kWh,LT,Sector,electricity,30.42530984428061,Monetary
EMERGING,1.0,IOT,2017,,Footprint,GHG,g/kWh,LU,Sector,electricity,556.426893302162,Monetary
EMERGING,1.0,IOT,2017,,Footprint,GHG,g/kWh,LV,Sector,electricity,82.34760611374284,Monetary
EMERGING,1.0,IOT,2017,,Footprint,GHG,g/kWh,MT,Sector,electricity,261.21335241017164,Monetary
EMERGING,1.0,IOT,2017,,Footprint,GHG,g/kWh,NL,Sector,electricity,329.7458773701189,Monetary
EMERGING,1.0,IOT,2017,,Footprint,GHG,g/kWh,PL,Sector,electricity,428.95099838484816,Monetary
EMERGING,1.0,IOT,2017,,Footprint,GHG,g/kWh,PT,Sector,electricity,457.4613135165733,Monetary
EMERGING,1.0,IOT,2017,,Footprint,GHG,g/kWh,RO,Sector,electricity,236.84145921577044,Monetary
EMERGING,1.0,IOT,2017,,Footprint,GHG,g/kWh,SK,Sector,electricity,153.4658218190879,Monetary
EMERGING,1.0,IOT,2017,,Footprint,GHG,g/kWh,SI,Sector,electricity,252.66924347334512,Monetary
EMERGING,1.0,IOT,2017,,Footprint,GHG,g/kWh,SE,Sector,electricity,16.24300641568877,Monetary
EMERGING,1.0,IOT,2017,,Footprint,GHG,g/kWh,US,Sector,electricity,405.81196194844193,Monetary
GTAP,11 Power,IOT,2017,,Footprint,GHG,g/kWh,AT,,,252.466224046482,Monetary
GTAP,11 Power,IOT,2017,,Footprint,GHG,g/kWh,BE,,,235.624318285158,Monetary
GTAP,11 Power,IOT,2017,,Footprint,GHG,g/kWh,BG,,,507.905813758151,Monetary
GTAP,11 Power,IOT,2017,,Footprint,GHG,g/kWh,CY,,,170.42295534131,Monetary
GTAP,11 Power,IOT,2017,,Footprint,GHG,g/kWh,CZ,,,622.230662904813,Monetary
GTAP,11 Power,IOT,2017,,Footprint,GHG,g/kWh,DE,,,705.129561199668,Monetary
GTAP,11 Power,IOT,2017,,Footprint,GHG,g/kWh,DK,,,208.346923674481,Monetary
GTAP,11 Power,IOT,2017,,Footprint,GHG,g/kWh,ES,,,367.273783651703,Monetary
GTAP,11 Power,IOT,2017,,Footprint,GHG,g/kWh,EE,,,961.080883136502,Monetary
GTAP,11 Power,IOT,2017,,Footprint,GHG,g/kWh,FI,,,226.871184240338,Monetary
GTAP,11 Power,IOT,2017,,Footprint,GHG,g/kWh,FR,,,134.654608271381,Monetary
GTAP,11 Power,IOT,2017,,Footprint,GHG,g/kWh,GR,,,840.274530831422,Monetary
GTAP,11 Power,IOT,2017,,Footprint,GHG,g/kWh,HR,,,376.695448364876,Monetary
GTAP,11 Power,IOT,2017,,Footprint,GHG,g/kWh,HU,,,318.188121550851,Monetary
GTAP,11 Power,IOT,2017,,Footprint,GHG,g/kWh,IE,,,637.917613818823,Monetary
GTAP,11 Power,IOT,2017,,Footprint,GHG,g/kWh,IT,,,392.239861393998,Monetary
GTAP,11 Power,IOT,2017,,Footprint,GHG,g/kWh,LT,,,93.1427627791806,Monetary
GTAP,11 Power,IOT,2017,,Footprint,GHG,g/kWh,LU,,,242.108058069618,Monetary
GTAP,11 Power,IOT,2017,,Footprint,GHG,g/kWh,LV,,,200.074225741454,Monetary
GTAP,11 Power,IOT,2017,,Footprint,GHG,g/kWh,MT,,,641.992431208696,Monetary
GTAP,11 Power,IOT,2017,,Footprint,GHG,g/kWh,NL,,,516.67774387139,Monetary
GTAP,11 Power,IOT,2017,,Footprint,GHG,g/kWh,PL,,,865.993638565104,Monetary
GTAP,11 Power,IOT,2017,,Footprint,GHG,g/kWh,PT,,,566.002838895084,Monetary
GTAP,11 Power,IOT,2017,,Footprint,GHG,g/kWh,RO,,,451.276534862479,Monetary
GTAP,11 Power,IOT,2017,,Footprint,GHG,g/kWh,SK,,,350.908639375778,Monetary
GTAP,11 Power,IOT,2017,,Footprint,GHG,g/kWh,SI,,,433.734321920422,Monetary
GTAP,11 Power,IOT,2017,,Footprint,GHG,g/kWh,SE,,,38.4258063984112,Monetary
GTAP,11 Power,IOT,2017,,Footprint,GHG,g/kWh,US,,,494.159117966731,Monetary
Electricity Maps,,,2023,,Footprint,GHG,g/kWh,AT,,,76.0,Physical
Electricity Maps,,,2023,,Footprint,GHG,g/kWh,BE,,,171.0,Physical
Electricity Maps,,,2023,,Footprint,GHG,g/kWh,BG,,,412.0,Physical
Electricity Maps,,,2023,,Footprint,GHG,g/kWh,CY,,,831.0,Physical
Electricity Maps,,,2023,,Footprint,GHG,g/kWh,CZ,,,506.0,Physical
Electricity Maps,,,2023,,Footprint,GHG,g/kWh,DE,,,405.0,Physical
Electricity Maps,,,2023,,Footprint,GHG,g/kWh,DK,,,166.0,Physical
Electricity Maps,,,2023,,Footprint,GHG,g/kWh,EE,,,572.0,Physical
Electricity Maps,,,2023,,Footprint,GHG,g/kWh,ES,,,155.0,Physical
Electricity Maps,,,2023,,Footprint,GHG,g/kWh,FI,,,92.0,Physical
Electricity Maps,,,2023,,Footprint,GHG,g/kWh,FR,,,42.0,Physical
Electricity Maps,,,2023,,Footprint,GHG,g/kWh,GR,,,305.0,Physical
Electricity Maps,,,2023,,Footprint,GHG,g/kWh,HR,,,238.0,Physical
Electricity Maps,,,2023,,Footprint,GHG,g/kWh,HU,,,246.0,Physical
Electricity Maps,,,2023,,Footprint,GHG,g/kWh,IE,,,415.0,Physical
Electricity Maps,,,2023,,Footprint,GHG,g/kWh,IT,,,362.0,Physical
Electricity Maps,,,2023,,Footprint,GHG,g/kWh,LT,,,127.0,Physical
Electricity Maps,,,2023,,Footprint,GHG,g/kWh,LV,,,157.0,Physical
Electricity Maps,,,2023,,Footprint,GHG,g/kWh,NL,,,288.0,Physical
Electricity Maps,,,2023,,Footprint,GHG,g/kWh,PL,,,777.0,Physical
Electricity Maps,,,2023,,Footprint,GHG,g/kWh,PT,,,152.0,Physical
Electricity Maps,,,2023,,Footprint,GHG,g/kWh,RO,,,280.0,Physical
Electricity Maps,,,2023,,Footprint,GHG,g/kWh,SE,,,21.0,Physical
Electricity Maps,,,2023,,Footprint,GHG,g/kWh,SI,,,251.0,Physical
Electricity Maps,,,2023,,Footprint,GHG,g/kWh,SK,,,139.0,Physical
Electricity Maps,,,2023,,Footprint,GHG,g/kWh,US,,,421.0,Physical
EMBER,,,2023,,Footprint,GHG,g/kWh,AT,,,112.0,Physical
EMBER,,,2023,,Footprint,GHG,g/kWh,BE,,,135.0,Physical
EMBER,,,2023,,Footprint,GHG,g/kWh,BG,,,338.0,Physical
EMBER,,,2023,,Footprint,GHG,g/kWh,CY,,,533.0,Physical
EMBER,,,2023,,Footprint,GHG,g/kWh,CZ,,,443.0,Physical
EMBER,,,2023,,Footprint,GHG,g/kWh,DE,,,363.0,Physical
EMBER,,,2023,,Footprint,GHG,g/kWh,DK,,,152.0,Physical
EMBER,,,2023,,Footprint,GHG,g/kWh,EE,,,395.0,Physical
EMBER,,,2023,,Footprint,GHG,g/kWh,ES,,,170.0,Physical
EMBER,,,2023,,Footprint,GHG,g/kWh,FI,,,81.2,Physical
EMBER,,,2023,,Footprint,GHG,g/kWh,FR,,,53.3,Physical
EMBER,,,2023,,Footprint,GHG,g/kWh,GR,,,336.0,Physical
EMBER,,,2023,,Footprint,GHG,g/kWh,HR,,,195.0,Physical
EMBER,,,2023,,Footprint,GHG,g/kWh,HU,,,196.0,Physical
EMBER,,,2023,,Footprint,GHG,g/kWh,IE,,,282.0,Physical
EMBER,,,2023,,Footprint,GHG,g/kWh,IT,,,323.0,Physical
EMBER,,,2023,,Footprint,GHG,g/kWh,LT,,,119.0,Physical
EMBER,,,2023,,Footprint,GHG,g/kWh,LV,,,119.0,Physical
EMBER,,,2023,,Footprint,GHG,g/kWh,NL,,,268.0,Physical
EMBER,,,2023,,Footprint,GHG,g/kWh,PL,,,651.0,Physical
EMBER,,,2023,,Footprint,GHG,g/kWh,PT,,,158.0,Physical
EMBER,,,2023,,Footprint,GHG,g/kWh,RO,,,243.0,Physical
EMBER,,,2023,,Footprint,GHG,g/kWh,SE,,,38.4,Physical
EMBER,,,2023,,Footprint,GHG,g/kWh,SI,,,225.0,Physical
EMBER,,,2023,,Footprint,GHG,g/kWh,SK,,,115.0,Physical
EMBER,,,2023,,Footprint,GHG,g/kWh,US,,,393.0,Physical
NREL,,,2023,,Footprint,GHG,g/kWh,AT,,,72.5381567452344,Physical
IPCC,,,2023,,Footprint,GHG,g/kWh,AT,,,81.0170509551661,Physical
NREL,,,2023,,Footprint,GHG,g/kWh,BE,,,125.392651827565,Physical
IPCC,,,2023,,Footprint,GHG,g/kWh,BE,,,124.021350137246,Physical
NREL,,,2023,,Footprint,GHG,g/kWh,BG,,,371.443265106922,Physical
IPCC,,,2023,,Footprint,GHG,g/kWh,BG,,,316.456032872067,Physical
NREL,,,2023,,Footprint,GHG,g/kWh,CZ,,,428.498229964196,Physical
IPCC,,,2023,,Footprint,GHG,g/kWh,CZ,,,365.005967610506,Physical
NREL,,,2023,,Footprint,GHG,g/kWh,DE,,,359.283552095016,Physical
IPCC,,,2023,,Footprint,GHG,g/kWh,DE,,,314.53325715066,Physical
NREL,,,2023,,Footprint,GHG,g/kWh,DK,,,181.851305801186,Physical
IPCC,,,2023,,Footprint,GHG,g/kWh,DK,,,163.073907932648,Physical
NREL,,,2023,,Footprint,GHG,g/kWh,EE,,,522.64212880196,Physical
IPCC,,,2023,,Footprint,GHG,g/kWh,EE,,,504.358393063115,Physical
NREL,,,2023,,Footprint,GHG,g/kWh,GR,,,297.605295904693,Physical
IPCC,,,2023,,Footprint,GHG,g/kWh,GR,,,279.360775732286,Physical
NREL,,,2023,,Footprint,GHG,g/kWh,ES,,,141.267723208824,Physical
IPCC,,,2023,,Footprint,GHG,g/kWh,ES,,,137.992177588802,Physical
NREL,,,2023,,Footprint,GHG,g/kWh,FI,,,81.8745951936603,Physical
IPCC,,,2023,,Footprint,GHG,g/kWh,FI,,,76.4561811750075,Physical
NREL,,,2023,,Footprint,GHG,g/kWh,FR,,,48.4816500644346,Physical
IPCC,,,2023,,Footprint,GHG,g/kWh,FR,,,48.3793117402483,Physical
NREL,,,2023,,Footprint,GHG,g/kWh,HR,,,189.759188268169,Physical
IPCC,,,2023,,Footprint,GHG,g/kWh,HR,,,186.131632290255,Physical
NREL,,,2023,,Footprint,GHG,g/kWh,HU,,,211.645648602126,Physical
IPCC,,,2023,,Footprint,GHG,g/kWh,HU,,,195.520482820605,Physical
NREL,,,2023,,Footprint,GHG,g/kWh,IE,,,313.122165557157,Physical
IPCC,,,2023,,Footprint,GHG,g/kWh,IE,,,303.067581774199,Physical
NREL,,,2023,,Footprint,GHG,g/kWh,IT,,,320.815396112822,Physical
IPCC,,,2023,,Footprint,GHG,g/kWh,IT,,,310.139292023355,Physical
NREL,,,2023,,Footprint,GHG,g/kWh,LT,,,101.620350774504,Physical
IPCC,,,2023,,Footprint,GHG,g/kWh,LT,,,101.539917128757,Physical
NREL,,,2023,,Footprint,GHG,g/kWh,LV,,,135.746375304411,Physical
IPCC,,,2023,,Footprint,GHG,g/kWh,LV,,,145.545742355988,Physical
NREL,,,2023,,Footprint,GHG,g/kWh,NL,,,396.041034269499,Physical
IPCC,,,2023,,Footprint,GHG,g/kWh,NL,,,369.895494394396,Physical
NREL,,,2023,,Footprint,GHG,g/kWh,PL,,,684.989640253321,Physical
IPCC,,,2023,,Footprint,GHG,g/kWh,PL,,,582.420324203381,Physical
NREL,,,2023,,Footprint,GHG,g/kWh,PT,,,135.264740483313,Physical
IPCC,,,2023,,Footprint,GHG,g/kWh,PT,,,138.715667299879,Physical
NREL,,,2023,,Footprint,GHG,g/kWh,RO,,,234.180405033561,Physical
IPCC,,,2023,,Footprint,GHG,g/kWh,RO,,,215.202753623234,Physical
NREL,,,2023,,Footprint,GHG,g/kWh,SE,,,12.2489047497128,Physical
IPCC,,,2023,,Footprint,GHG,g/kWh,SE,,,17.2552505568691,Physical
NREL,,,2023,,Footprint,GHG,g/kWh,SI,,,223.489498914186,Physical
IPCC,,,2023,,Footprint,GHG,g/kWh,SI,,,195.364065827288,Physical
NREL,,,2023,,Footprint,GHG,g/kWh,SK,,,99.7096079499649,Physical
IPCC,,,2023,,Footprint,GHG,g/kWh,SK,,,95.935674158851,Physical
NREL,,,2023,,Footprint,GHG,g/kWh,US,,,385.614956393199,Physical
IPCC,,,2023,,Footprint,GHG,g/kWh,US,,,359.519611010563,Physical
JRC,,,2017,,Footprint,GHG,g/kWh,BE,,,230.388555151416,Physical
JRC,,,2017,,Footprint,GHG,g/kWh,BG,,,573.845753702202,Physical
JRC,,,2017,,Footprint,GHG,g/kWh,CZ,,,624.089843691911,Physical
JRC,,,2017,,Footprint,GHG,g/kWh,DK,,,170.596875513752,Physical
JRC,,,2017,,Footprint,GHG,g/kWh,DE,,,441.606336190274,Physical
JRC,,,2017,,Footprint,GHG,g/kWh,EE,,,725.161843903765,Physical
JRC,,,2017,,Footprint,GHG,g/kWh,IE,,,401.095296514862,Physical
JRC,,,2017,,Footprint,GHG,g/kWh,GR,,,651.403417464393,Physical
JRC,,,2017,,Footprint,GHG,g/kWh,ES,,,301.47472727138,Physical
JRC,,,2017,,Footprint,GHG,g/kWh,FR,,,86.1057675252705,Physical
JRC,,,2017,,Footprint,GHG,g/kWh,HR,,,385.976740925831,Physical
JRC,,,2017,,Footprint,GHG,g/kWh,IT,,,381.987445936013,Physical
JRC,,,2017,,Footprint,GHG,g/kWh,CY,,,858.811902888308,Physical
JRC,,,2017,,Footprint,GHG,g/kWh,LV,,,477.03874876017,Physical
JRC,,,2017,,Footprint,GHG,g/kWh,LT,,,89.0415362509898,Physical
JRC,,,2017,,Footprint,GHG,g/kWh,LU,,,363.383756005322,Physical
JRC,,,2017,,Footprint,GHG,g/kWh,HU,,,289.24713013931,Physical
JRC,,,2017,,Footprint,GHG,g/kWh,MT,,,492.486586769273,Physical
JRC,,,2017,,Footprint,GHG,g/kWh,NL,,,476.348166648369,Physical
JRC,,,2017,,Footprint,GHG,g/kWh,AT,,,292.54487493272,Physical
JRC,,,2017,,Footprint,GHG,g/kWh,PL,,,872.772117162336,Physical
JRC,,,2017,,Footprint,GHG,g/kWh,PT,,,352.698875652606,Physical
JRC,,,2017,,Footprint,GHG,g/kWh,RO,,,503.368338125481,Physical
JRC,,,2017,,Footprint,GHG,g/kWh,SI,,,249.585651854157,Physical
JRC,,,2017,,Footprint,GHG,g/kWh,SK,,,397.299222229891,Physical
JRC,,,2017,,Footprint,GHG,g/kWh,FI,,,95.4827773945797,Physical
JRC,,,2017,,Footprint,GHG,g/kWh,SE,,,27.4908864415033,Physical
Electricity Maps,,,2017,,Footprint,GHG,g/kWh,AT,,,156.0,Physical
Electricity Maps,,,2017,,Footprint,GHG,g/kWh,BE,,,203.0,Physical
Electricity Maps,,,2017,,Footprint,GHG,g/kWh,BG,,,552.0,Physical
Electricity Maps,,,2017,,Footprint,GHG,g/kWh,CY,,,897.0,Physical
Electricity Maps,,,2017,,Footprint,GHG,g/kWh,CZ,,,601.0,Physical
Electricity Maps,,,2017,,Footprint,GHG,g/kWh,DE,,,520.0,Physical
Electricity Maps,,,2017,,Footprint,GHG,g/kWh,DK,,,294.0,Physical
Electricity Maps,,,2017,,Footprint,GHG,g/kWh,EE,,,778.0,Physical
Electricity Maps,,,2017,,Footprint,GHG,g/kWh,ES,,,329.0,Physical
Electricity Maps,,,2017,,Footprint,GHG,g/kWh,FI,,,229.0,Physical
Electricity Maps,,,2017,,Footprint,GHG,g/kWh,FR,,,72.0,Physical
Electricity Maps,,,2017,,Footprint,GHG,g/kWh,GR,,,776.0,Physical
Electricity Maps,,,2017,,Footprint,GHG,g/kWh,HR,,,261.0,Physical
Electricity Maps,,,2017,,Footprint,GHG,g/kWh,HU,,,354.0,Physical
Electricity Maps,,,2017,,Footprint,GHG,g/kWh,IE,,,409.0,Physical
Electricity Maps,,,2017,,Footprint,GHG,g/kWh,IT,,,456.0,Physical
Electricity Maps,,,2017,,Footprint,GHG,g/kWh,LT,,,190.0,Physical
Electricity Maps,,,2017,,Footprint,GHG,g/kWh,LV,,,211.0,Physical
Electricity Maps,,,2017,,Footprint,GHG,g/kWh,NL,,,579.0,Physical
Electricity Maps,,,2017,,Footprint,GHG,g/kWh,PL,,,956.0,Physical
Electricity Maps,,,2017,,Footprint,GHG,g/kWh,PT,,,476.0,Physical
Electricity Maps,,,2017,,Footprint,GHG,g/kWh,RO,,,488.0,Physical
Electricity Maps,,,2017,,Footprint,GHG,g/kWh,SE,,,20.0,Physical
Electricity Maps,,,2017,,Footprint,GHG,g/kWh,SI,,,327.0,Physical
Electricity Maps,,,2017,,Footprint,GHG,g/kWh,SK,,,234.0,Physical
Electricity Maps,,,2017,,Footprint,GHG,g/kWh,US,,,468.0,Physical
EMBER,,,2017,,Footprint,GHG,g/kWh,AT,,,163.0,Physical
EMBER,,,2017,,Footprint,GHG,g/kWh,BE,,,159.0,Physical
EMBER,,,2017,,Footprint,GHG,g/kWh,BG,,,503.0,Physical
EMBER,,,2017,,Footprint,GHG,g/kWh,CY,,,606.0,Physical
EMBER,,,2017,,Footprint,GHG,g/kWh,CZ,,,542.0,Physical
EMBER,,,2017,,Footprint,GHG,g/kWh,DE,,,470.0,Physical
EMBER,,,2017,,Footprint,GHG,g/kWh,DK,,,283.0,Physical
EMBER,,,2017,,Footprint,GHG,g/kWh,EE,,,583.0,Physical
EMBER,,,2017,,Footprint,GHG,g/kWh,ES,,,329.0,Physical
EMBER,,,2017,,Footprint,GHG,g/kWh,FI,,,186.0,Physical
EMBER,,,2017,,Footprint,GHG,g/kWh,FR,,,78.3,Physical
EMBER,,,2017,,Footprint,GHG,g/kWh,GR,,,580.0,Physical
EMBER,,,2017,,Footprint,GHG,g/kWh,HR,,,256.0,Physical
EMBER,,,2017,,Footprint,GHG,g/kWh,HU,,,291.0,Physical
EMBER,,,2017,,Footprint,GHG,g/kWh,IE,,,404.0,Physical
EMBER,,,2017,,Footprint,GHG,g/kWh,IT,,,393.0,Physical
EMBER,,,2017,,Footprint,GHG,g/kWh,LT,,,183.0,Physical
EMBER,,,2017,,Footprint,GHG,g/kWh,LV,,,141.0,Physical
EMBER,,,2017,,Footprint,GHG,g/kWh,NL,,,490.0,Physical
EMBER,,,2017,,Footprint,GHG,g/kWh,PL,,,806.0,Physical
EMBER,,,2017,,Footprint,GHG,g/kWh,PT,,,434.0,Physical
EMBER,,,2017,,Footprint,GHG,g/kWh,RO,,,369.0,Physical
EMBER,,,2017,,Footprint,GHG,g/kWh,SE,,,42.5,Physical
EMBER,,,2017,,Footprint,GHG,g/kWh,SI,,,318.0,Physical
EMBER,,,2017,,Footprint,GHG,g/kWh,SK,,,183.0,Physical
EMBER,,,2017,,Footprint,GHG,g/kWh,US,,,469.0,Physical
NREL,,,2017,,Footprint,GHG,g/kWh,AT,,,126.763079335538,Physical
IPCC,,,2017,,Footprint,GHG,g/kWh,AT,,,131.242990075727,Physical
NREL,,,2017,,Footprint,GHG,g/kWh,BE,,,163.018461452407,Physical
IPCC,,,2017,,Footprint,GHG,g/kWh,BE,,,163.10527269323,Physical
NREL,,,2017,,Footprint,GHG,g/kWh,BG,,,489.598867516456,Physical
IPCC,,,2017,,Footprint,GHG,g/kWh,BG,,,414.849096775665,Physical
NREL,,,2017,,Footprint,GHG,g/kWh,CZ,,,533.732465312445,Physical
IPCC,,,2017,,Footprint,GHG,g/kWh,CZ,,,452.130052426506,Physical
NREL,,,2017,,Footprint,GHG,g/kWh,DE,,,470.794870307167,Physical
IPCC,,,2017,,Footprint,GHG,g/kWh,DE,,,409.880109215017,Physical
NREL,,,2017,,Footprint,GHG,g/kWh,DK,,,293.691688173306,Physical
IPCC,,,2017,,Footprint,GHG,g/kWh,DK,,,262.812045041012,Physical
NREL,,,2017,,Footprint,GHG,g/kWh,EE,,,789.087513091916,Physical
IPCC,,,2017,,Footprint,GHG,g/kWh,EE,,,782.286269562617,Physical
NREL,,,2017,,Footprint,GHG,g/kWh,GR,,,553.866618313399,Physical
IPCC,,,2017,,Footprint,GHG,g/kWh,GR,,,494.790972952963,Physical
NREL,,,2017,,Footprint,GHG,g/kWh,ES,,,307.652466233559,Physical
IPCC,,,2017,,Footprint,GHG,g/kWh,ES,,,280.242680563106,Physical
NREL,,,2017,,Footprint,GHG,g/kWh,FI,,,223.210252076861,Physical
IPCC,,,2017,,Footprint,GHG,g/kWh,FI,,,200.90553040558,Physical
NREL,,,2017,,Footprint,GHG,g/kWh,FR,,,74.7433703198906,Physical
IPCC,,,2017,,Footprint,GHG,g/kWh,FR,,,72.3443795929794,Physical
NREL,,,2017,,Footprint,GHG,g/kWh,HR,,,259.009174311926,Physical
IPCC,,,2017,,Footprint,GHG,g/kWh,HR,,,246.688073394495,Physical
NREL,,,2017,,Footprint,GHG,g/kWh,HU,,,296.503621153509,Physical
IPCC,,,2017,,Footprint,GHG,g/kWh,HU,,,270.040391731327,Physical
NREL,,,2017,,Footprint,GHG,g/kWh,IE,,,488.424513451321,Physical
IPCC,,,2017,,Footprint,GHG,g/kWh,IE,,,453.496781830103,Physical
NREL,,,2017,,Footprint,GHG,g/kWh,IT,,,339.897108941226,Physical
IPCC,,,2017,,Footprint,GHG,g/kWh,IT,,,322.423349682108,Physical
NREL,,,2017,,Footprint,GHG,g/kWh,LT,,,142.55640551513,Physical
IPCC,,,2017,,Footprint,GHG,g/kWh,LT,,,146.581444340072,Physical
NREL,,,2017,,Footprint,GHG,g/kWh,LV,,,139.731769775953,Physical
IPCC,,,2017,,Footprint,GHG,g/kWh,LV,,,149.212424095149,Physical
NREL,,,2017,,Footprint,GHG,g/kWh,NL,,,618.265168265679,Physical
IPCC,,,2017,,Footprint,GHG,g/kWh,NL,,,560.591163735198,Physical
NREL,,,2017,,Footprint,GHG,g/kWh,PL,,,843.814702084928,Physical
IPCC,,,2017,,Footprint,GHG,g/kWh,PL,,,711.590664021159,Physical
NREL,,,2017,,Footprint,GHG,g/kWh,PT,,,420.91612446686,Physical
IPCC,,,2017,,Footprint,GHG,g/kWh,PT,,,383.216395741781,Physical
NREL,,,2017,,Footprint,GHG,g/kWh,RO,,,358.499096964775,Physical
IPCC,,,2017,,Footprint,GHG,g/kWh,RO,,,317.846935983284,Physical
NREL,,,2017,,Footprint,GHG,g/kWh,SE,,,11.9711829405521,Physical
IPCC,,,2017,,Footprint,GHG,g/kWh,SE,,,17.2486662524726,Physical
NREL,,,2017,,Footprint,GHG,g/kWh,SI,,,302.363279773629,Physical
IPCC,,,2017,,Footprint,GHG,g/kWh,SI,,,259.250302451453,Physical
NREL,,,2017,,Footprint,GHG,g/kWh,SK,,,147.152045966486,Physical
IPCC,,,2017,,Footprint,GHG,g/kWh,SK,,,133.473394474002,Physical
NREL,,,2017,,Footprint,GHG,g/kWh,US,,,473.878803046379,Physical
IPCC,,,2017,,Footprint,GHG,g/kWh,US,,,423.825490561322,Physical
EXIOBASE,3.3.18_shocked,SUT,2023,,Footprint,GHG,g/kWh,AT,Commodity,Electricity and transmission,273.62806176137,Physical
EXIOBASE,3.3.18_shocked,SUT,2023,,Footprint,GHG,g/kWh,BE,Commodity,Electricity and transmission,250.158925542331,Physical
EXIOBASE,3.3.18_shocked,SUT,2023,,Footprint,GHG,g/kWh,BG,Commodity,Electricity and transmission,615.064984616681,Physical
EXIOBASE,3.3.18_shocked,SUT,2023,,Footprint,GHG,g/kWh,CZ,Commodity,Electricity and transmission,941.033657439325,Physical
EXIOBASE,3.3.18_shocked,SUT,2023,,Footprint,GHG,g/kWh,DE,Commodity,Electricity and transmission,570.279389786437,Physical
EXIOBASE,3.3.18_shocked,SUT,2023,,Footprint,GHG,g/kWh,DK,Commodity,Electricity and transmission,282.308504203666,Physical
EXIOBASE,3.3.18_shocked,SUT,2023,,Footprint,GHG,g/kWh,EE,Commodity,Electricity and transmission,853.892583389604,Physical
EXIOBASE,3.3.18_shocked,SUT,2023,,Footprint,GHG,g/kWh,GR,Commodity,Electricity and transmission,470.117982923781,Physical
EXIOBASE,3.3.18_shocked,SUT,2023,,Footprint,GHG,g/kWh,ES,Commodity,Electricity and transmission,256.018588337569,Physical
EXIOBASE,3.3.18_shocked,SUT,2023,,Footprint,GHG,g/kWh,FI,Commodity,Electricity and transmission,227.223063277924,Physical
EXIOBASE,3.3.18_shocked,SUT,2023,,Footprint,GHG,g/kWh,FR,Commodity,Electricity and transmission,137.099994435193,Physical
EXIOBASE,3.3.18_shocked,SUT,2023,,Footprint,GHG,g/kWh,HR,Commodity,Electricity and transmission,314.715489682328,Physical
EXIOBASE,3.3.18_shocked,SUT,2023,,Footprint,GHG,g/kWh,HU,Commodity,Electricity and transmission,335.344988369317,Physical
EXIOBASE,3.3.18_shocked,SUT,2023,,Footprint,GHG,g/kWh,IE,Commodity,Electricity and transmission,521.606550054997,Physical
EXIOBASE,3.3.18_shocked,SUT,2023,,Footprint,GHG,g/kWh,IT,Commodity,Electricity and transmission,698.124704129782,Physical
EXIOBASE,3.3.18_shocked,SUT,2023,,Footprint,GHG,g/kWh,LT,Commodity,Electricity and transmission,193.150151266549,Physical
EXIOBASE,3.3.18_shocked,SUT,2023,,Footprint,GHG,g/kWh,LV,Commodity,Electricity and transmission,271.849912924009,Physical
EXIOBASE,3.3.18_shocked,SUT,2023,,Footprint,GHG,g/kWh,NL,Commodity,Electricity and transmission,427.61164928071,Physical
EXIOBASE,3.3.18_shocked,SUT,2023,,Footprint,GHG,g/kWh,PL,Commodity,Electricity and transmission,1359.36758225423,Physical
EXIOBASE,3.3.18_shocked,SUT,2023,,Footprint,GHG,g/kWh,PT,Commodity,Electricity and transmission,218.322105573008,Physical
EXIOBASE,3.3.18_shocked,SUT,2023,,Footprint,GHG,g/kWh,RO,Commodity,Electricity and transmission,385.312036382449,Physical
EXIOBASE,3.3.18_shocked,SUT,2023,,Footprint,GHG,g/kWh,SE,Commodity,Electricity and transmission,12.6965044299895,Physical
EXIOBASE,3.3.18_shocked,SUT,2023,,Footprint,GHG,g/kWh,SI,Commodity,Electricity and transmission,292.256517188104,Physical
EXIOBASE,3.3.18_shocked,SUT,2023,,Footprint,GHG,g/kWh,SK,Commodity,Electricity and transmission,199.824138668413,Physical
EXIOBASE,3.3.18_shocked,SUT,2023,,Footprint,GHG,g/kWh,US,Commodity,Electricity and transmission,643.929466864971,Physical
EXIOBASE,3.3.18_shocked,SUT,2017,,Footprint,GHG,g/kWh,AT,Commodity,Electricity and transmission,430.33541285864,Physical
EXIOBASE,3.3.18_shocked,SUT,2017,,Footprint,GHG,g/kWh,BE,Commodity,Electricity and transmission,322.754849089848,Physical
EXIOBASE,3.3.18_shocked,SUT,2017,,Footprint,GHG,g/kWh,BG,Commodity,Electricity and transmission,816.818512395285,Physical
EXIOBASE,3.3.18_shocked,SUT,2017,,Footprint,GHG,g/kWh,CZ,Commodity,Electricity and transmission,1164.76073465483,Physical
EXIOBASE,3.3.18_shocked,SUT,2017,,Footprint,GHG,g/kWh,DE,Commodity,Electricity and transmission,761.224172274081,Physical
EXIOBASE,3.3.18_shocked,SUT,2017,,Footprint,GHG,g/kWh,DK,Commodity,Electricity and transmission,471.119662558958,Physical
EXIOBASE,3.3.18_shocked,SUT,2017,,Footprint,GHG,g/kWh,EE,Commodity,Electricity and transmission,1406.68201865837,Physical
EXIOBASE,3.3.18_shocked,SUT,2017,,Footprint,GHG,g/kWh,GR,Commodity,Electricity and transmission,831.495916485166,Physical
EXIOBASE,3.3.18_shocked,SUT,2017,,Footprint,GHG,g/kWh,ES,Commodity,Electricity and transmission,599.671462830354,Physical
EXIOBASE,3.3.18_shocked,SUT,2017,,Footprint,GHG,g/kWh,FI,Commodity,Electricity and transmission,627.107029124665,Physical
EXIOBASE,3.3.18_shocked,SUT,2017,,Footprint,GHG,g/kWh,FR,Commodity,Electricity and transmission,199.5382689619,Physical
EXIOBASE,3.3.18_shocked,SUT,2017,,Footprint,GHG,g/kWh,HR,Commodity,Electricity and transmission,432.947486809655,Physical
EXIOBASE,3.3.18_shocked,SUT,2017,,Footprint,GHG,g/kWh,HU,Commodity,Electricity and transmission,454.569702210075,Physical
EXIOBASE,3.3.18_shocked,SUT,2017,,Footprint,GHG,g/kWh,IE,Commodity,Electricity and transmission,775.996568786361,Physical
EXIOBASE,3.3.18_shocked,SUT,2017,,Footprint,GHG,g/kWh,IT,Commodity,Electricity and transmission,720.438109712359,Physical
EXIOBASE,3.3.18_shocked,SUT,2017,,Footprint,GHG,g/kWh,LT,Commodity,Electricity and transmission,284.476305134729,Physical
EXIOBASE,3.3.18_shocked,SUT,2017,,Footprint,GHG,g/kWh,LV,Commodity,Electricity and transmission,252.123515180604,Physical
EXIOBASE,3.3.18_shocked,SUT,2017,,Footprint,GHG,g/kWh,NL,Commodity,Electricity and transmission,663.793767413947,Physical
EXIOBASE,3.3.18_shocked,SUT,2017,,Footprint,GHG,g/kWh,PL,Commodity,Electricity and transmission,1641.52595865028,Physical
EXIOBASE,3.3.18_shocked,SUT,2017,,Footprint,GHG,g/kWh,PT,Commodity,Electricity and transmission,724.825148034035,Physical
EXIOBASE,3.3.18_shocked,SUT,2017,,Footprint,GHG,g/kWh,RO,Commodity,Electricity and transmission,547.702634022876,Physical
EXIOBASE,3.3.18_shocked,SUT,2017,,Footprint,GHG,g/kWh,SE,Commodity,Electricity and transmission,10.4414360915688,Physical
EXIOBASE,3.3.18_shocked,SUT,2017,,Footprint,GHG,g/kWh,SI,Commodity,Electricity and transmission,383.77248882799,Physical
EXIOBASE,3.3.18_shocked,SUT,2017,,Footprint,GHG,g/kWh,SK,Commodity,Electricity and transmission,272.577197423538,Physical
EXIOBASE,3.3.18_shocked,SUT,2017,,Footprint,GHG,g/kWh,US,Commodity,Electricity and transmission,842.675452154893,Physical
Egrid,,,2023,,Intensity,GHG,g/kWh,US,,,349.6338391896,Physical
Electricity Maps,,,2023,,Intensity,GHG,g/kWh,AT,,,43.1470856352684,Physical
Electricity Maps,,,2017,,Intensity,GHG,g/kWh,AT,,,90.4851354012873,Physical
Electricity Maps,,,2023,,Intensity,GHG,g/kWh,BE,,,121.141616391957,Physical
Electricity Maps,,,2017,,Intensity,GHG,g/kWh,BE,,,141.314889698449,Physical
Electricity Maps,,,2023,,Intensity,GHG,g/kWh,BG,,,405.077249098493,Physical
Electricity Maps,,,2017,,Intensity,GHG,g/kWh,BG,,,545.012194430927,Physical
Electricity Maps,,,2023,,Intensity,GHG,g/kWh,CZ,,,440.537891760986,Physical
Electricity Maps,,,2017,,Intensity,GHG,g/kWh,CZ,,,553.200289906823,Physical
Electricity Maps,,,2023,,Intensity,GHG,g/kWh,DE,,,328.283563880899,Physical
Electricity Maps,,,2017,,Intensity,GHG,g/kWh,DE,,,448.702731277532,Physical
Electricity Maps,,,2023,,Intensity,GHG,g/kWh,DK,,,97.3162430297212,Physical
Electricity Maps,,,2017,,Intensity,GHG,g/kWh,DK,,,173.256950607895,Physical
Electricity Maps,,,2023,,Intensity,GHG,g/kWh,EE,,,382.458517123082,Physical
Electricity Maps,,,2017,,Intensity,GHG,g/kWh,EE,,,574.274610065271,Physical
Electricity Maps,,,2023,,Intensity,GHG,g/kWh,ES,,,108.38834049378,Physical
Electricity Maps,,,2017,,Intensity,GHG,g/kWh,ES,,,314.68529363203,Physical
Electricity Maps,,,2023,,Intensity,GHG,g/kWh,FI,,,47.6015804887368,Physical
Electricity Maps,,,2017,,Intensity,GHG,g/kWh,FI,,,155.889545402563,Physical
Electricity Maps,,,2023,,Intensity,GHG,g/kWh,FR,,,26.9108666199499,Physical
Electricity Maps,,,2017,,Intensity,GHG,g/kWh,FR,,,51.0338344531707,Physical
Electricity Maps,,,2023,,Intensity,GHG,g/kWh,GR,,,277.549983116027,Physical
Electricity Maps,,,2017,,Intensity,GHG,g/kWh,GR,,,604.554543084119,Physical
Electricity Maps,,,2023,,Intensity,GHG,g/kWh,HR,,,164.677051902283,Physical
Electricity Maps,,,2017,,Intensity,GHG,g/kWh,HR,,,229.137155963302,Physical
Electricity Maps,,,2023,,Intensity,GHG,g/kWh,HU,,,210.959167443189,Physical
Electricity Maps,,,2017,,Intensity,GHG,g/kWh,HU,,,320.611529846787,Physical
Electricity Maps,,,2023,,Intensity,GHG,g/kWh,IE,,,299.496217352455,Physical
Electricity Maps,,,2017,,Intensity,GHG,g/kWh,IE,,,505.248267484473,Physical
Electricity Maps,,,2023,,Intensity,GHG,g/kWh,IT,,,294.727286375012,Physical
Electricity Maps,,,2017,,Intensity,GHG,g/kWh,IT,,,384.552422808706,Physical
Electricity Maps,,,2023,,Intensity,GHG,g/kWh,LT,,,57.4360307139693,Physical
Electricity Maps,,,2017,,Intensity,GHG,g/kWh,LT,,,104.416771067549,Physical
Electricity Maps,,,2023,,Intensity,GHG,g/kWh,LV,,,103.634036950648,Physical
Electricity Maps,,,2017,,Intensity,GHG,g/kWh,LV,,,134.804726068377,Physical
Electricity Maps,,,2023,,Intensity,GHG,g/kWh,NL,,,405.869773683662,Physical
Electricity Maps,,,2017,,Intensity,GHG,g/kWh,NL,,,527.982015420876,Physical
Electricity Maps,,,2023,,Intensity,GHG,g/kWh,PL,,,728.438480379316,Physical
Electricity Maps,,,2017,,Intensity,GHG,g/kWh,PL,,,916.434430744539,Physical
Electricity Maps,,,2023,,Intensity,GHG,g/kWh,PT,,,86.6269073910136,Physical
Electricity Maps,,,2017,,Intensity,GHG,g/kWh,PT,,,393.2200459742,Physical
Electricity Maps,,,2023,,Intensity,GHG,g/kWh,RO,,,272.785313010663,Physical
Electricity Maps,,,2017,,Intensity,GHG,g/kWh,RO,,,430.136005158907,Physical
Electricity Maps,,,2023,,Intensity,GHG,g/kWh,SE,,,1.34285761234806,Physical
Electricity Maps,,,2017,,Intensity,GHG,g/kWh,SE,,,1.52382168863012,Physical
Electricity Maps,,,2023,,Intensity,GHG,g/kWh,SI,,,220.884840174579,Physical
Electricity Maps,,,2017,,Intensity,GHG,g/kWh,SI,,,305.807919735401,Physical
Electricity Maps,,,2023,,Intensity,GHG,g/kWh,SK,,,97.6115797787352,Physical
Electricity Maps,,,2017,,Intensity,GHG,g/kWh,SK,,,169.084436423105,Physical
Electricity Maps,,,2023,,Intensity,GHG,g/kWh,US,,,341.319498840341,Physical
Electricity Maps,,,2017,,Intensity,GHG,g/kWh,US,,,438.912221743761,Physical
EXIOBASE,3.3.18_shocked,SUT,2023,,Intensity,GHG,g/kWh,AT,Commodity,Electricity and transmission,86.778732693504,Physical
EXIOBASE,3.3.18_shocked,SUT,2017,,Intensity,GHG,g/kWh,AT,Commodity,Electricity and transmission,154.308800429182,Physical
EXIOBASE,3.3.18_shocked,SUT,2023,,Intensity,GHG,g/kWh,BE,Commodity,Electricity and transmission,135.436494016862,Physical
EXIOBASE,3.3.18_shocked,SUT,2017,,Intensity,GHG,g/kWh,BE,Commodity,Electricity and transmission,185.213931629819,Physical
EXIOBASE,3.3.18_shocked,SUT,2023,,Intensity,GHG,g/kWh,BG,Commodity,Electricity and transmission,405.83521384196,Physical
EXIOBASE,3.3.18_shocked,SUT,2017,,Intensity,GHG,g/kWh,BG,Commodity,Electricity and transmission,542.045782200647,Physical
EXIOBASE,3.3.18_shocked,SUT,2023,,Intensity,GHG,g/kWh,CZ,Commodity,Electricity and transmission,443.854775989763,Physical
EXIOBASE,3.3.18_shocked,SUT,2017,,Intensity,GHG,g/kWh,CZ,Commodity,Electricity and transmission,558.408398547125,Physical
EXIOBASE,3.3.18_shocked,SUT,2023,,Intensity,GHG,g/kWh,DE,Commodity,Electricity and transmission,335.989032771776,Physical
EXIOBASE,3.3.18_shocked,SUT,2017,,Intensity,GHG,g/kWh,DE,Commodity,Electricity and transmission,454.99095254016,Physical
EXIOBASE,3.3.18_shocked,SUT,2023,,Intensity,GHG,g/kWh,DK,Commodity,Electricity and transmission,133.421548934492,Physical
EXIOBASE,3.3.18_shocked,SUT,2017,,Intensity,GHG,g/kWh,DK,Commodity,Electricity and transmission,229.581836290414,Physical
EXIOBASE,3.3.18_shocked,SUT,2023,,Intensity,GHG,g/kWh,EE,Commodity,Electricity and transmission,381.456932671516,Physical
EXIOBASE,3.3.18_shocked,SUT,2017,,Intensity,GHG,g/kWh,EE,Commodity,Electricity and transmission,544.219733492155,Physical
EXIOBASE,3.3.18_shocked,SUT,2023,,Intensity,GHG,g/kWh,ES,Commodity,Electricity and transmission,137.248234607984,Physical
EXIOBASE,3.3.18_shocked,SUT,2017,,Intensity,GHG,g/kWh,ES,Commodity,Electricity and transmission,299.238891463561,Physical
EXIOBASE,3.3.18_shocked,SUT,2023,,Intensity,GHG,g/kWh,FI,Commodity,Electricity and transmission,76.6709515147702,Physical
EXIOBASE,3.3.18_shocked,SUT,2017,,Intensity,GHG,g/kWh,FI,Commodity,Electricity and transmission,246.012961154905,Physical
EXIOBASE,3.3.18_shocked,SUT,2023,,Intensity,GHG,g/kWh,FR,Commodity,Electricity and transmission,43.7586509975264,Physical
EXIOBASE,3.3.18_shocked,SUT,2017,,Intensity,GHG,g/kWh,FR,Commodity,Electricity and transmission,71.5099287847903,Physical
EXIOBASE,3.3.18_shocked,SUT,2023,,Intensity,GHG,g/kWh,GR,Commodity,Electricity and transmission,313.16560186641,Physical
EXIOBASE,3.3.18_shocked,SUT,2017,,Intensity,GHG,g/kWh,GR,Commodity,Electricity and transmission,599.792428776566,Physical
EXIOBASE,3.3.18_shocked,SUT,2023,,Intensity,GHG,g/kWh,HR,Commodity,Electricity and transmission,198.039341642639,Physical
EXIOBASE,3.3.18_shocked,SUT,2017,,Intensity,GHG,g/kWh,HR,Commodity,Electricity and transmission,270.18885480849,Physical
EXIOBASE,3.3.18_shocked,SUT,2023,,Intensity,GHG,g/kWh,HU,Commodity,Electricity and transmission,219.841033080565,Physical
EXIOBASE,3.3.18_shocked,SUT,2017,,Intensity,GHG,g/kWh,HU,Commodity,Electricity and transmission,317.412148063025,Physical
EXIOBASE,3.3.18_shocked,SUT,2023,,Intensity,GHG,g/kWh,IE,Commodity,Electricity and transmission,304.41908507138,Physical
EXIOBASE,3.3.18_shocked,SUT,2017,,Intensity,GHG,g/kWh,IE,Commodity,Electricity and transmission,453.891160323552,Physical
EXIOBASE,3.3.18_shocked,SUT,2023,,Intensity,GHG,g/kWh,IT,Commodity,Electricity and transmission,331.747962859068,Physical
EXIOBASE,3.3.18_shocked,SUT,2017,,Intensity,GHG,g/kWh,IT,Commodity,Electricity and transmission,345.19267276119,Physical
EXIOBASE,3.3.18_shocked,SUT,2023,,Intensity,GHG,g/kWh,LT,Commodity,Electricity and transmission,77.9803445036844,Physical
EXIOBASE,3.3.18_shocked,SUT,2017,,Intensity,GHG,g/kWh,LT,Commodity,Electricity and transmission,120.289488206423,Physical
EXIOBASE,3.3.18_shocked,SUT,2023,,Intensity,GHG,g/kWh,LV,Commodity,Electricity and transmission,159.562268728157,Physical
EXIOBASE,3.3.18_shocked,SUT,2017,,Intensity,GHG,g/kWh,LV,Commodity,Electricity and transmission,144.456041456347,Physical
EXIOBASE,3.3.18_shocked,SUT,2023,,Intensity,GHG,g/kWh,NL,Commodity,Electricity and transmission,261.452500801764,Physical
EXIOBASE,3.3.18_shocked,SUT,2017,,Intensity,GHG,g/kWh,NL,Commodity,Electricity and transmission,395.234889340344,Physical
EXIOBASE,3.3.18_shocked,SUT,2023,,Intensity,GHG,g/kWh,PL,Commodity,Electricity and transmission,620.892704443904,Physical
EXIOBASE,3.3.18_shocked,SUT,2017,,Intensity,GHG,g/kWh,PL,Commodity,Electricity and transmission,760.243199010558,Physical
EXIOBASE,3.3.18_shocked,SUT,2023,,Intensity,GHG,g/kWh,PT,Commodity,Electricity and transmission,120.920084354369,Physical
EXIOBASE,3.3.18_shocked,SUT,2017,,Intensity,GHG,g/kWh,PT,Commodity,Electricity and transmission,398.855653628542,Physical
EXIOBASE,3.3.18_shocked,SUT,2023,,Intensity,GHG,g/kWh,RO,Commodity,Electricity and transmission,265.597704088613,Physical
EXIOBASE,3.3.18_shocked,SUT,2017,,Intensity,GHG,g/kWh,RO,Commodity,Electricity and transmission,400.543036350995,Physical
EXIOBASE,3.3.18_shocked,SUT,2023,,Intensity,GHG,g/kWh,SE,Commodity,Electricity and transmission,0.0325183096535548,Physical
EXIOBASE,3.3.18_shocked,SUT,2017,,Intensity,GHG,g/kWh,SE,Commodity,Electricity and transmission,0.0181887536716836,Physical
EXIOBASE,3.3.18_shocked,SUT,2023,,Intensity,GHG,g/kWh,SI,Commodity,Electricity and transmission,213.259027376758,Physical
EXIOBASE,3.3.18_shocked,SUT,2017,,Intensity,GHG,g/kWh,SI,Commodity,Electricity and transmission,292.216376489959,Physical
EXIOBASE,3.3.18_shocked,SUT,2023,,Intensity,GHG,g/kWh,SK,Commodity,Electricity and transmission,91.140581163509,Physical
EXIOBASE,3.3.18_shocked,SUT,2017,,Intensity,GHG,g/kWh,SK,Commodity,Electricity and transmission,138.959741619006,Physical
EXIOBASE,3.3.18_shocked,SUT,2023,,Intensity,GHG,g/kWh,US,Commodity,Electricity and transmission,359.447357573166,Physical
EXIOBASE,3.3.18_shocked,SUT,2017,,Intensity,GHG,g/kWh,US,Commodity,Electricity and transmission,441.13513896592,Physical
GTAP,11 Power,,2017,,Intensity,GHG,g/kWh,AT,,,198.515256247341,Monetary
GTAP,11 Power,,2017,,Intensity,GHG,g/kWh,BE,,,188.047078175302,Monetary
GTAP,11 Power,,2017,,Intensity,GHG,g/kWh,BG,,,403.521627936209,Monetary
GTAP,11 Power,,2017,,Intensity,GHG,g/kWh,CY,,,117.120823501161,Monetary
GTAP,11 Power,,2017,,Intensity,GHG,g/kWh,CZ,,,528.34790778211,Monetary
GTAP,11 Power,,2017,,Intensity,GHG,g/kWh,DE,,,630.868978140081,Monetary
GTAP,11 Power,,2017,,Intensity,GHG,g/kWh,DK,,,174.412490573384,Monetary
GTAP,11 Power,,2017,,Intensity,GHG,g/kWh,EE,,,211.540912333105,Monetary
GTAP,11 Power,,2017,,Intensity,GHG,g/kWh,ES,,,289.996545737176,Monetary
GTAP,11 Power,,2017,,Intensity,GHG,g/kWh,FI,,,187.84849540838,Monetary
GTAP,11 Power,,2017,,Intensity,GHG,g/kWh,FR,,,103.06303413907,Monetary
GTAP,11 Power,,2017,,Intensity,GHG,g/kWh,GR,,,706.279895746352,Monetary
GTAP,11 Power,,2017,,Intensity,GHG,g/kWh,HR,,,302.974747848672,Monetary
GTAP,11 Power,,2017,,Intensity,GHG,g/kWh,HU,,,265.832408375797,Monetary
GTAP,11 Power,,2017,,Intensity,GHG,g/kWh,IE,,,582.57225319719,Monetary
GTAP,11 Power,,2017,,Intensity,GHG,g/kWh,IT,,,315.836631241161,Monetary
GTAP,11 Power,,2017,,Intensity,GHG,g/kWh,LT,,,64.0430834888302,Monetary
GTAP,11 Power,,2017,,Intensity,GHG,g/kWh,LU,,,172.775966691845,Monetary
GTAP,11 Power,,2017,,Intensity,GHG,g/kWh,LV,,,148.876691575182,Monetary
GTAP,11 Power,,2017,,Intensity,GHG,g/kWh,MT,,,518.856614102197,Monetary
GTAP,11 Power,,2017,,Intensity,GHG,g/kWh,NL,,,444.740195983176,Monetary
GTAP,11 Power,,2017,,Intensity,GHG,g/kWh,PL,,,726.977620619013,Monetary
GTAP,11 Power,,2017,,Intensity,GHG,g/kWh,PT,,,481.551182138954,Monetary
GTAP,11 Power,,2017,,Intensity,GHG,g/kWh,RO,,,369.798498155284,Monetary
GTAP,11 Power,,2017,,Intensity,GHG,g/kWh,SE,,,28.6008843005413,Monetary
GTAP,11 Power,,2017,,Intensity,GHG,g/kWh,SI,,,335.98372041695,Monetary
GTAP,11 Power,,2017,,Intensity,GHG,g/kWh,SK,,,267.394147819557,Monetary
GTAP,11 Power,,2017,,Intensity,GHG,g/kWh,US,,,425.422489411051,Monetary
JRC,,,2017,,Intensity,GHG,g/kWh,AT,,,315.531034200812,Physical
JRC,,,2017,,Intensity,GHG,g/kWh,BE,,,217.128376783737,Physical
JRC,,,2017,,Intensity,GHG,g/kWh,BG,,,658.42801915841,Physical
JRC,,,2017,,Intensity,GHG,g/kWh,CY,,,722.279491964097,Physical
JRC,,,2017,,Intensity,GHG,g/kWh,CZ,,,659.618779950752,Physical
JRC,,,2017,,Intensity,GHG,g/kWh,DE,,,474.827287854926,Physical
JRC,,,2017,,Intensity,GHG,g/kWh,DK,,,140.558131432961,Physical
JRC,,,2017,,Intensity,GHG,g/kWh,EE,,,1032.46527781311,Physical
JRC,,,2017,,Intensity,GHG,g/kWh,ES,,,338.129908816881,Physical
JRC,,,2017,,Intensity,GHG,g/kWh,FI,,,98.4943316320439,Physical
JRC,,,2017,,Intensity,GHG,g/kWh,FR,,,87.2296972628698,Physical
JRC,,,2017,,Intensity,GHG,g/kWh,GR,,,615.218131264069,Physical
JRC,,,2017,,Intensity,GHG,g/kWh,HR,,,418.883203724843,Physical
JRC,,,2017,,Intensity,GHG,g/kWh,HU,,,282.302921903931,Physical
JRC,,,2017,,Intensity,GHG,g/kWh,IE,,,422.844473630696,Physical
JRC,,,2017,,Intensity,GHG,g/kWh,IT,,,327.670215918589,Physical
JRC,,,2017,,Intensity,GHG,g/kWh,LT,,,70.6745925198884,Physical
JRC,,,2017,,Intensity,GHG,g/kWh,LU,,,437.211310590705,Physical
JRC,,,2017,,Intensity,GHG,g/kWh,LV,,,370.21389755293,Physical
JRC,,,2017,,Intensity,GHG,g/kWh,MT,,,423.599179161041,Physical
JRC,,,2017,,Intensity,GHG,g/kWh,NL,,,466.041708142696,Physical
JRC,,,2017,,Intensity,GHG,g/kWh,PL,,,867.557853085136,Physical
JRC,,,2017,,Intensity,GHG,g/kWh,PT,,,423.487234442501,Physical
JRC,,,2017,,Intensity,GHG,g/kWh,RO,,,471.221534694691,Physical
JRC,,,2017,,Intensity,GHG,g/kWh,SE,,,17.0470352100545,Physical
JRC,,,2017,,Intensity,GHG,g/kWh,SI,,,235.521835040477,Physical
JRC,,,2017,,Intensity,GHG,g/kWh,SK,,,429.075929910542,Physical
